B-cylinders,B-displacement,B-horsepower,B-weight,B-acceleration,B-year,B-origin USA,B-origin Europe,B-origin Japan,B-intercept
-1.540981680154800415e-01,-6.012257561087608337e-02,-9.772678837180137634e-03,-3.165048360824584961e-01,-6.706280261278152466e-02,2.188388705253601074e-01,-1.069487482309341431e-01,4.298151543480344117e-05,1.065085083246231079e-02,-1.745792031288146973e-01
-4.271462094038724899e-04,-4.391824007034301758e-01,-3.972175717353820801e-02,-3.995047509670257568e-01,6.492002401500940323e-03,3.774901330471038818e-01,-1.400759965181350708e-01,-5.962359864497557282e-06,1.963852904736995697e-02,-4.606122896075248718e-02
-2.992624882608652115e-03,4.818261004402302206e-06,-1.639294922351837158e-01,-4.960672855377197266e-01,-1.816469375626184046e-05,3.237193524837493896e-01,-8.352878689765930176e-02,-2.404687984380871058e-05,6.982089579105377197e-02,-1.106683537364006042e-02
-1.548969745635986328e-01,-5.903958901762962341e-02,-1.126704458147287369e-02,-3.160771429538726807e-01,-6.905233114957809448e-02,2.185330986976623535e-01,-1.065366566181182861e-01,4.315841215429827571e-05,1.115953642874956131e-02,-1.753768324851989746e-01
-6.301114708185195923e-02,6.398715413524769247e-06,-4.935831129550933838e-01,-4.548803269863128662e-01,5.064517725259065628e-03,3.590942025184631348e-01,2.917358875274658203e-01,-6.302982365014031529e-05,1.010853156913071871e-05,-4.946915432810783386e-02
-3.902513766661286354e-03,-2.973363552882801741e-05,-1.633869111537933350e-01,-4.955857396125793457e-01,5.998151391395367682e-05,3.234861493110656738e-01,-8.365345001220703125e-02,1.900063216453418136e-05,7.008446753025054932e-02,-1.077356096357107162e-02
6.117987213656306267e-04,7.888938125688582659e-05,-3.115669786930084229e-01,-4.975214004516601562e-01,5.642349272966384888e-02,3.715034723281860352e-01,6.962673796806484461e-05,-4.322127625346183777e-02,-1.821606383600737900e-05,-2.442248351871967316e-02
-6.373371183872222900e-02,2.273188874823972583e-05,-4.906169772148132324e-01,-4.532436430454254150e-01,9.934041649103164673e-03,3.586155772209167480e-01,2.942514121532440186e-01,-8.273072307929396629e-05,-1.615666587895248085e-05,-4.393101483583450317e-02
-2.660296857357025146e-03,-2.346631372347474098e-04,-1.640339344739913940e-01,-4.959320425987243652e-01,-5.392173989093862474e-06,3.238475322723388672e-01,-8.382279425859451294e-02,4.774455010192468762e-05,6.953519582748413086e-02,-1.096972823143005371e-02
-3.489109920337796211e-03,-4.017544090747833252e-01,-6.316058337688446045e-02,-4.135278761386871338e-01,4.220487549901008606e-03,3.761420249938964844e-01,-1.420401781797409058e-01,4.341609746916219592e-05,2.046933956444263458e-02,-4.909116774797439575e-02
1.185843721032142639e-03,-3.057381036342121661e-05,-3.117629289627075195e-01,-4.979671537876129150e-01,5.636277422308921814e-02,3.717793524265289307e-01,4.379063029773533344e-04,-4.294672235846519470e-02,-4.894899575447198004e-06,-2.420608513057231903e-02
-3.560416167601943016e-03,-4.012244939804077148e-01,-6.495925039052963257e-02,-4.127134084701538086e-01,3.546526189893484116e-03,3.761208057403564453e-01,-1.420780569314956665e-01,4.359733793535269797e-05,2.033515647053718567e-02,-4.927144944667816162e-02
-3.010806255042552948e-02,-4.184364378452301025e-01,-7.433333247900009155e-02,-3.671399950981140137e-01,8.329143747687339783e-03,3.902310132980346680e-01,-1.778481900691986084e-01,1.132329452957492322e-05,5.457710940390825272e-03,-4.373126477003097534e-02
6.759978132322430611e-04,1.095784864446613938e-05,-3.488014042377471924e-01,-4.927573800086975098e-01,4.272863268852233887e-02,3.678202927112579346e-01,2.702833712100982666e-02,-3.753932565450668335e-02,9.982404662878252566e-07,-1.962325908243656158e-02
-2.963577164337038994e-03,-3.547864034771919250e-02,-1.880290061235427856e-01,-6.793075203895568848e-01,1.101061031222343445e-01,3.871945142745971680e-01,-2.650030553340911865e-01,1.219198806211352348e-03,7.359922165051102638e-07,-8.923146873712539673e-03
1.986340153962373734e-03,-4.084973988938145339e-05,-3.113688528537750244e-01,-4.980776011943817139e-01,5.676749721169471741e-02,3.714832365512847900e-01,2.427805338811594993e-05,-4.352157935500144958e-02,-4.216552770230919123e-05,-2.459481358528137207e-02
-1.245426461100578308e-01,-9.167443960905075073e-02,-7.709553092718124390e-02,-2.929999232292175293e-01,-1.164095997810363770e-01,2.237645983695983887e-01,-7.374421507120132446e-02,-2.466201112838461995e-05,5.144617334008216858e-02,-1.494861394166946411e-01
8.820930961519479752e-04,7.401395123451948166e-07,-3.148371279239654541e-01,-4.953247606754302979e-01,5.496586859226226807e-02,3.710461258888244629e-01,4.380502650747075677e-05,-4.326029494404792786e-02,-1.045051249093376100e-05,-2.450302615761756897e-02
-2.938619116321206093e-03,-4.841243935516104102e-05,-1.644457429647445679e-01,-4.958970248699188232e-01,3.133754944428801537e-07,3.235609233379364014e-01,-8.372808247804641724e-02,2.943610888905823231e-05,7.006257027387619019e-02,-1.084891054779291153e-02
1.176748657599091530e-03,2.212418621638789773e-05,-3.224523067474365234e-01,-4.906634688377380371e-01,5.166091769933700562e-02,3.703061342239379883e-01,-1.482005973230116069e-05,-4.391186684370040894e-02,1.860652992036193609e-04,-2.447797544300556183e-02
-2.315618330612778664e-03,-4.301194712752476335e-05,-1.642132103443145752e-01,-4.966037869453430176e-01,-2.090786074404604733e-05,3.240436315536499023e-01,-8.391242474317550659e-02,4.101889862795360386e-05,6.971424818038940430e-02,-1.098569203168153763e-02
-1.401900798082351685e-01,-2.962735667824745178e-02,-2.308030845597386360e-03,-3.676195740699768066e-01,-4.067251831293106079e-02,2.430165857076644897e-01,-1.154158636927604675e-01,1.193596290249843150e-05,3.034361638128757477e-02,-1.274507343769073486e-01
-1.437033414840698242e-01,-7.019696384668350220e-02,-2.605171501636505127e-02,-3.134674429893493652e-01,-7.526629418134689331e-02,2.267292588949203491e-01,-9.369403123855590820e-02,-3.622371878009289503e-06,2.568398229777812958e-02,-1.621183753013610840e-01
-1.536340415477752686e-01,-6.563194841146469116e-02,-7.834520190954208374e-03,-3.138397037982940674e-01,-6.653279811143875122e-02,2.195867002010345459e-01,-1.073090508580207825e-01,-5.614414112642407417e-05,9.121180512011051178e-03,-1.738132983446121216e-01
-1.850145608186721802e-01,-6.774859875440597534e-02,-3.443086461629718542e-05,-2.947786748409271240e-01,-8.515057712793350220e-02,2.064209282398223877e-01,-1.090599298477172852e-01,1.511411028332076967e-05,1.579058915376663208e-02,-1.824930310249328613e-01
-6.008151103742420673e-04,-4.392476975917816162e-01,-4.009229317307472229e-02,-3.993164896965026855e-01,6.159424781799316406e-03,3.773048520088195801e-01,-1.400953531265258789e-01,-3.530075991875492036e-05,1.981983520090579987e-02,-4.614008963108062744e-02
1.778872683644294739e-03,9.395875167683698237e-06,-3.113761544227600098e-01,-4.976994991302490234e-01,5.641028657555580139e-02,3.717725574970245361e-01,2.532754297135397792e-05,-4.310861602425575256e-02,-6.859554559923708439e-07,-2.435214258730411530e-02
-1.529370695352554321e-01,-6.081076338887214661e-02,-5.534179043024778366e-03,-3.198027312755584717e-01,-6.400981545448303223e-02,2.197890877723693848e-01,-1.072295978665351868e-01,2.803252937155775726e-05,1.029145065695047379e-02,-1.733357459306716919e-01
-3.574689384549856186e-03,-4.008567333221435547e-01,-6.513775140047073364e-02,-4.125815927982330322e-01,3.693556180223822594e-03,3.759923577308654785e-01,-1.424828767776489258e-01,1.022356445901095867e-05,2.028767205774784088e-02,-4.917818680405616760e-02
-1.529325097799301147e-01,-6.087042763829231262e-02,-5.502517335116863251e-03,-3.198303878307342529e-01,-6.396815180778503418e-02,2.198085635900497437e-01,-1.072918772697448730e-01,-4.963605169905349612e-05,1.017367094755172729e-02,-1.732416003942489624e-01
-3.582447767257690430e-03,-4.009816944599151611e-01,-6.495960801839828491e-02,-4.128078818321228027e-01,3.610479412600398064e-03,3.760685920715332031e-01,-1.422672122716903687e-01,4.403493949212133884e-05,2.019178122282028198e-02,-4.925125837326049805e-02
-1.529247313737869263e-01,-6.090862303972244263e-02,-5.515299737453460693e-03,-3.198248744010925293e-01,-6.396947056055068970e-02,2.198059856891632080e-01,-1.073305308818817139e-01,-2.756387402769178152e-06,1.016390230506658554e-02,-1.732625067234039307e-01
-1.577131897211074829e-01,-6.641359627246856689e-02,-1.636869087815284729e-02,-3.058049976825714111e-01,-7.930127531290054321e-02,2.162866890430450439e-01,-1.046951785683631897e-01,-4.862895366386510432e-06,1.206030417233705521e-02,-1.789581030607223511e-01
2.249923069030046463e-03,7.135786290746182203e-05,-3.189985454082489014e-01,-4.936452209949493408e-01,5.470964685082435608e-02,3.722451627254486084e-01,3.470487718004733324e-04,-4.240672662854194641e-02,1.886893587652593851e-04,-2.687479928135871887e-02
-1.543118655681610107e-01,-6.517125666141510010e-02,-7.511364296078681946e-03,-3.136117756366729736e-01,-6.643337756395339966e-02,2.195360064506530762e-01,-1.078353598713874817e-01,4.044850356876850128e-07,8.763591758906841278e-03,-1.738848537206649780e-01
-3.588153747841715813e-03,-4.006020128726959229e-01,-6.513056159019470215e-02,-4.128307402133941650e-01,3.833601251244544983e-03,3.760060966014862061e-01,-1.422509253025054932e-01,7.837801604182459414e-06,2.045254595577716827e-02,-4.918855428695678711e-02
-1.541361808776855469e-01,-6.574938446283340454e-02,-7.571160327643156052e-03,-3.134661316871643066e-01,-6.659109890460968018e-02,2.196388393640518188e-01,-1.075323522090911865e-01,-1.357505061605479568e-05,8.924827910959720612e-03,-1.738350689411163330e-01
-1.531729102134704590e-01,-6.525713950395584106e-02,-7.470814511179924011e-03,-3.148853182792663574e-01,-6.570538878440856934e-02,2.192072868347167969e-01,-1.063724681735038757e-01,-4.865071969106793404e-05,1.022457703948020935e-02,-1.737091094255447388e-01
-1.573680192232131958e-01,-5.997416749596595764e-02,-1.655939966440200806e-02,-3.107643127441406250e-01,-7.642597705125808716e-02,2.169354408979415894e-01,-1.048553809523582458e-01,2.122447949659544975e-05,1.310581341385841370e-02,-1.780017763376235962e-01
3.627232945291325450e-05,1.459813938708975911e-05,-3.103336989879608154e-01,-4.975282251834869385e-01,5.638492107391357422e-02,3.715859651565551758e-01,1.487781992182135582e-04,-4.341311007738113403e-02,-2.064580712612951174e-06,-2.446234785020351410e-02
2.278684041812084615e-05,7.217624224722385406e-03,-3.741861879825592041e-01,-6.092066168785095215e-01,5.249886959791183472e-02,4.864431321620941162e-01,-2.709378898143768311e-01,5.122251808643341064e-03,1.689916643954347819e-06,1.338625419884920120e-02
-1.580480486154556274e-01,-6.441303342580795288e-02,-7.659167982637882233e-03,-3.114199340343475342e-01,-7.189462333917617798e-02,2.176182568073272705e-01,-1.088546812534332275e-01,2.273049358336720616e-05,1.068077515810728073e-02,-1.764913797378540039e-01
4.058053309563547373e-04,-5.814523683511652052e-05,-3.142699003219604492e-01,-4.947075247764587402e-01,5.514010414481163025e-02,3.714630305767059326e-01,3.905090852640569210e-05,-4.330337792634963989e-02,-1.756313940859399736e-05,-2.450850605964660645e-02
-1.532202512025833130e-01,-6.506757438182830811e-02,-7.392526604235172272e-03,-3.150451183319091797e-01,-6.592314690351486206e-02,2.194260209798812866e-01,-1.065369918942451477e-01,3.891693268087692559e-05,9.654764086008071899e-03,-1.739051640033721924e-01
-1.540036350488662720e-01,-6.518235802650451660e-02,-7.589026354253292084e-03,-3.141196668148040771e-01,-6.618339568376541138e-02,2.192916423082351685e-01,-1.067354008555412292e-01,1.237946162291336805e-05,9.875019080936908722e-03,-1.738336533308029175e-01
-6.658477336168289185e-02,-3.672650564112700522e-06,-4.939114451408386230e-01,-4.473781883716583252e-01,1.151330303400754929e-02,3.582862317562103271e-01,2.945055067539215088e-01,-2.541151479817926884e-04,4.784641305377590470e-07,-4.223585501313209534e-02
-3.487386042252182961e-03,-4.012145102024078369e-01,-6.489755213260650635e-02,-4.125384092330932617e-01,3.676965367048978806e-03,3.760530054569244385e-01,-1.423524767160415649e-01,-3.740900865523144603e-06,2.016228809952735901e-02,-4.922934621572494507e-02
-1.543809473514556885e-01,-6.034633517265319824e-02,-6.939664948731660843e-03,-3.177778720855712891e-01,-6.476659327745437622e-02,2.198152691125869751e-01,-1.070437356829643250e-01,2.905401015595998615e-05,1.028270833194255829e-02,-1.737926006317138672e-01
-3.655887674540281296e-03,-4.070597589015960693e-01,-5.949613451957702637e-02,-4.112737774848937988e-01,5.076922941952943802e-03,3.765323460102081299e-01,-1.411621719598770142e-01,4.827236625715158880e-05,2.049483172595500946e-02,-4.892449826002120972e-02
-1.557753235101699829e-01,-6.616917252540588379e-02,-9.085113182663917542e-03,-3.112760782241821289e-01,-6.676123291254043579e-02,2.209550142288208008e-01,-1.076318025588989258e-01,-9.397695976076647639e-06,9.983574040234088898e-03,-1.709701418876647949e-01
-7.291278452612459660e-04,-4.399034380912780762e-01,-3.969658538699150085e-02,-3.988240361213684082e-01,6.034428253769874573e-03,3.774246871471405029e-01,-1.402941346168518066e-01,-2.175095869461074471e-05,1.978743635118007660e-02,-4.611022397875785828e-02
-3.592579625546932220e-03,-4.011948108673095703e-01,-6.491527706384658813e-02,-4.126796722412109375e-01,3.577195340767502785e-03,3.760705888271331787e-01,-1.422027498483657837e-01,3.757919330382719636e-05,2.023500949144363403e-02,-4.925357177853584290e-02
-1.523235142230987549e-01,-6.089586392045021057e-02,-5.695925559848546982e-03,-3.201472759246826172e-01,-6.397429853677749634e-02,2.197984755039215088e-01,-1.075221672654151917e-01,-8.106534551188815385e-06,1.018475461751222610e-02,-1.732467412948608398e-01
-1.764256656169891357e-01,-6.906180828809738159e-02,-1.272260956466197968e-02,-2.914754152297973633e-01,-9.303655475378036499e-02,2.105889171361923218e-01,-1.008631363511085510e-01,3.924198608729057014e-06,1.541270967572927475e-02,-1.852616965770721436e-01
-5.715051665902137756e-04,-4.393622279167175293e-01,-4.077392071485519409e-02,-3.984741270542144775e-01,6.030567456036806107e-03,3.772582709789276123e-01,-1.401430815458297729e-01,5.282248821458779275e-06,1.989949680864810944e-02,-4.591368883848190308e-02
-4.021911445306614041e-05,-4.473790526390075684e-03,-3.560920357704162598e-01,-6.080361008644104004e-01,5.597512051463127136e-02,4.887529015541076660e-01,-2.705236077308654785e-01,5.639255046844482422e-03,-2.302545908605679870e-05,1.654948107898235321e-02
1.138816238380968571e-03,3.723795452970080078e-05,-3.194964230060577393e-01,-4.917310476303100586e-01,5.283815786242485046e-02,3.714550733566284180e-01,5.403916293289512396e-05,-4.382638260722160339e-02,-5.305915692588314414e-05,-2.428353577852249146e-02
-3.065717965364456177e-02,-6.271885649766772985e-05,-5.123949646949768066e-01,-4.575284719467163086e-01,-1.150199750554747880e-05,3.681227862834930420e-01,2.872678041458129883e-01,-8.282699127448722720e-06,-3.111636824905872345e-02,-6.508753448724746704e-02
-1.596272140741348267e-01,-1.033190637826919556e-01,-4.243006929755210876e-02,-2.670962214469909668e-01,-1.237606108188629150e-01,2.127614617347717285e-01,-6.821677833795547485e-02,2.433122790534980595e-05,4.008276760578155518e-02,-1.896925717592239380e-01
-1.542940884828567505e-01,-6.504154205322265625e-02,-7.541066966950893402e-03,-3.130312561988830566e-01,-6.678166985511779785e-02,2.197957634925842285e-01,-1.086100414395332336e-01,-1.365639036521315575e-06,1.016981899738311768e-02,-1.738105118274688721e-01
-2.898255595937371254e-03,-1.222098944708704948e-05,-1.634886860847473145e-01,-4.960801601409912109e-01,-1.672969483479391783e-05,3.236752748489379883e-01,-8.358950167894363403e-02,-5.365369361243210733e-05,6.971277296543121338e-02,-1.109836902469396591e-02
-4.065072629600763321e-03,-4.035410881042480469e-01,-6.666767597198486328e-02,-4.088535010814666748e-01,3.114142455160617828e-03,3.760623037815093994e-01,-1.420048624277114868e-01,1.899144990602508187e-05,2.039452828466892242e-02,-4.949504137039184570e-02
-2.408420145511627197e-01,-7.591107487678527832e-02,-1.263909234694438055e-05,-2.409695088863372803e-01,-1.226525679230690002e-01,1.888133883476257324e-01,-1.018186062574386597e-01,-6.464631951530463994e-06,2.054819464683532715e-02,-1.952584832906723022e-01
-4.437505267560482025e-03,-4.035420715808868408e-01,-6.695754826068878174e-02,-4.083946645259857178e-01,2.854928141459822655e-03,3.761064410209655762e-01,-1.421085745096206665e-01,6.669279173365794122e-06,2.040167711675167084e-02,-4.952035844326019287e-02
-4.130764864385128021e-03,-7.845506479497998953e-05,-1.633864343166351318e-01,-4.949685037136077881e-01,-1.538242395326960832e-05,3.234263360500335693e-01,-8.362423628568649292e-02,3.358786489116027951e-05,7.000449299812316895e-02,-1.072739996016025543e-02
-6.333211809396743774e-02,3.274042319389991462e-05,-4.931862354278564453e-01,-4.548513591289520264e-01,5.875162314623594284e-03,3.588167726993560791e-01,2.911698222160339355e-01,-4.044293382321484387e-05,-3.384531737538054585e-06,-4.911088198423385620e-02
-5.228744819760322571e-02,2.866174327209591866e-05,-5.172672867774963379e-01,-4.214685857295989990e-01,-3.475428820820525289e-05,3.791241347789764404e-01,2.965522706508636475e-01,-4.165006248513236642e-05,-8.414205163717269897e-03,-5.333485826849937439e-02
-2.150643020868301392e-01,-4.326066002249717712e-02,2.475800829415675253e-05,-2.921282351016998291e-01,-8.806006610393524170e-02,1.893447786569595337e-01,-1.143064498901367188e-01,1.959237124538049102e-06,3.058026544749736786e-02,-1.810351759195327759e-01
2.581800799816846848e-06,1.801722646632697433e-05,-3.527506291866302490e-01,-5.161582231521606445e-01,4.019733518362045288e-02,3.730160295963287354e-01,4.718913137912750244e-02,-2.908330224454402924e-02,-9.050642802321817726e-06,-2.158138714730739594e-02
-1.531219035387039185e-01,-6.115892529487609863e-02,-6.084599066525697708e-03,-3.190676271915435791e-01,-6.438539922237396240e-02,2.195844948291778564e-01,-1.071838364005088806e-01,-1.629140751902014017e-05,1.042133569717407227e-02,-1.734776943922042847e-01
-1.534582078456878662e-01,-6.504135578870773315e-02,-7.498833350837230682e-03,-3.148165047168731689e-01,-6.594386696815490723e-02,2.194455713033676147e-01,-1.065662950277328491e-01,1.316627094638533890e-05,9.738245047628879547e-03,-1.738683730363845825e-01
-4.493859130889177322e-03,-4.026823043823242188e-01,-6.658257544040679932e-02,-4.090573191642761230e-01,3.223179141059517860e-03,3.760542869567871094e-01,-1.421048343181610107e-01,4.630465991795063019e-05,2.054279111325740814e-02,-4.934592172503471375e-02
-1.543825566768646240e-01,-6.188984960317611694e-02,-7.413675077259540558e-03,-3.164801895618438721e-01,-6.523525714874267578e-02,2.192957550287246704e-01,-1.069211587309837341e-01,3.663217285065911710e-06,1.034147199243307114e-02,-1.736642569303512573e-01
-2.634582233440596610e-05,-6.487212609499692917e-03,-3.548334538936614990e-01,-6.072116494178771973e-01,5.608893558382987976e-02,4.894081056118011475e-01,-2.701239585876464844e-01,5.273236893117427826e-03,-5.471882104757241905e-05,1.662143878638744354e-02
-2.365601211786270142e-01,-9.271942824125289917e-02,-1.710269250907003880e-03,-4.235254228115081787e-01,4.406887292861938477e-02,3.840713500976562500e-01,-2.435083687305450439e-01,2.488133264705538750e-03,1.932166516780853271e-02,-2.017332613468170166e-02
-1.531674861907958984e-01,-6.524502485990524292e-02,-7.462800480425357819e-03,-3.149079382419586182e-01,-6.569494307041168213e-02,2.192116379737854004e-01,-1.063726544380187988e-01,-1.312177118961699307e-06,1.022137049585580826e-02,-1.737006604671478271e-01
-6.619291007518768311e-02,-8.879182132659479976e-06,-4.931524395942687988e-01,-4.480352997779846191e-01,1.195754390209913254e-02,3.584329783916473389e-01,2.946861386299133301e-01,-2.613396791275590658e-04,-1.509433786850422621e-05,-4.239850118756294250e-02
-1.531451791524887085e-01,-6.527281552553176880e-02,-7.506350520998239517e-03,-3.148362040519714355e-01,-6.573940068483352661e-02,2.192123830318450928e-01,-1.065522432327270508e-01,1.448426792194368318e-05,1.012975815683603287e-02,-1.737477481365203857e-01
2.484597498551011086e-04,9.497978680883534253e-06,-3.188695907592773438e-01,-4.926249980926513672e-01,5.422731116414070129e-02,3.720774948596954346e-01,-4.814302883460186422e-06,-4.423988237977027893e-02,-2.526109456084668636e-04,-2.630930766463279724e-02
-1.337904930114746094e-01,-2.346424758434295654e-02,-2.442648867145180702e-03,-3.805547654628753662e-01,-3.546775504946708679e-02,2.497376948595046997e-01,-1.138767972588539124e-01,-2.821604084601858631e-06,3.963644057512283325e-02,-1.163994744420051575e-01
-1.541746109724044800e-01,-6.093063950538635254e-02,-7.194700650870800018e-03,-3.174616396427154541e-01,-6.476835906505584717e-02,2.194449901580810547e-01,-1.070617139339447021e-01,4.702103979070670903e-06,1.045081950724124908e-02,-1.735879629850387573e-01
-3.625411074608564377e-03,-4.069899320602416992e-01,-5.950246751308441162e-02,-4.112701117992401123e-01,5.194889381527900696e-03,3.765986859798431396e-01,-1.413368880748748779e-01,5.740545748267322779e-05,2.039199508726596832e-02,-4.883933812379837036e-02
-4.674623254686594009e-03,-4.008880555629730225e-01,-6.291076540946960449e-02,-4.137722551822662354e-01,4.184359218925237656e-03,3.763952255249023438e-01,-1.414832770824432373e-01,-3.219338395865634084e-06,2.071115002036094666e-02,-4.922936111688613892e-02
-1.527495533227920532e-01,-6.492839008569717407e-02,-6.547718308866024017e-03,-3.161951303482055664e-01,-6.546749919652938843e-02,2.192298471927642822e-01,-1.069292277097702026e-01,-6.420172212528996170e-06,9.614612907171249390e-03,-1.737653017044067383e-01
6.548493402078747749e-04,6.124534411355853081e-05,-3.107124269008636475e-01,-4.976681172847747803e-01,5.652468651533126831e-02,3.715405762195587158e-01,-1.126485949498601258e-05,-4.339324310421943665e-02,5.810547008877620101e-05,-2.462605945765972137e-02
1.582920813234522939e-04,3.585509693948552012e-05,-3.147850632667541504e-01,-4.950607120990753174e-01,5.513919889926910400e-02,3.714095354080200195e-01,4.612116754287853837e-05,-4.366004094481468201e-02,3.127577656414359808e-05,-2.450940571725368500e-02
-2.561692614108324051e-03,-1.478706399211660028e-04,-1.637234091758728027e-01,-4.963541030883789062e-01,1.804920248105190694e-05,3.234982192516326904e-01,-8.367387205362319946e-02,1.070818143489304930e-05,6.991448253393173218e-02,-1.119379792362451553e-02
-1.538999527692794800e-01,-6.042626500129699707e-02,-6.416559685021638870e-03,-3.187601864337921143e-01,-6.431926041841506958e-02,2.196539640426635742e-01,-1.069169491529464722e-01,-1.006480124488007277e-05,1.050871517509222031e-02,-1.734108179807662964e-01
8.817763882689177990e-04,1.746140187606215477e-04,-3.151166737079620361e-01,-4.965042471885681152e-01,5.493476986885070801e-02,3.709427714347839355e-01,2.984180755447596312e-04,-4.367118701338768005e-02,-1.837290619732812047e-04,-2.499857544898986816e-02
3.238702192902565002e-04,3.335682777105830610e-05,-3.094770610332489014e-01,-4.976411163806915283e-01,5.668004229664802551e-02,3.713276982307434082e-01,2.906629561039153486e-05,-4.336955398321151733e-02,4.676557728089392185e-05,-2.444802410900592804e-02
-1.539580225944519043e-01,-6.039391085505485535e-02,-6.519739516079425812e-03,-3.185341656208038330e-01,-6.450790166854858398e-02,2.196237593889236450e-01,-1.070951223373413086e-01,-8.841416274663060904e-06,1.046514604240655899e-02,-1.735801100730895996e-01
-6.677573919296264648e-02,-3.309559178887866437e-05,-4.958395063877105713e-01,-4.457115530967712402e-01,1.102103758603334427e-02,3.582328259944915771e-01,2.941792011260986328e-01,-6.725175189785659313e-04,-2.509900332370307297e-05,-4.229680448770523071e-02
-1.522976458072662354e-01,-6.092186644673347473e-02,-5.733701400458812714e-03,-3.200615346431732178e-01,-6.398781388998031616e-02,2.198238372802734375e-01,-1.077494919300079346e-01,-1.595199501025490463e-05,9.996471926569938660e-03,-1.732478141784667969e-01
-1.530732512474060059e-01,-6.716966629028320312e-02,-2.351710386574268341e-02,-3.069057464599609375e-01,-8.310934156179428101e-02,2.166967988014221191e-01,-9.755877405405044556e-02,1.078322566172573715e-05,1.784491352736949921e-02,-1.774063259363174438e-01
-3.811639966443181038e-03,-4.067683815956115723e-01,-5.952979251742362976e-02,-4.113424718379974365e-01,5.051795858889818192e-03,3.766807317733764648e-01,-1.415474563837051392e-01,1.112521931645460427e-05,2.019925788044929504e-02,-4.886568710207939148e-02
-2.125558108091354370e-01,-7.584916055202484131e-02,-2.996374387294054031e-04,-2.680324912071228027e-01,-1.151111051440238953e-01,1.994263827800750732e-01,-9.842980653047561646e-02,4.965948392054997385e-06,1.743043772876262665e-02,-1.953597217798233032e-01
-3.854901005979627371e-04,-1.226842869073152542e-04,-1.644631028175354004e-01,-4.978252649307250977e-01,-3.222156010451726615e-05,3.243496716022491455e-01,-8.415667712688446045e-02,1.034343313222052529e-05,6.984339654445648193e-02,-1.094959769397974014e-02
-6.667267531156539917e-02,-4.628154056263156235e-05,-4.923925697803497314e-01,-4.479624330997467041e-01,1.229904312640428543e-02,3.580442667007446289e-01,2.946565151214599609e-01,-3.633933956734836102e-04,7.955182809382677078e-06,-4.182014986872673035e-02
-1.500640701124211773e-05,-4.151195585727691650e-01,-8.165409415960311890e-02,-4.011299014091491699e-01,8.285816147690638900e-05,3.888704180717468262e-01,-1.340483427047729492e-01,-2.810796286212280393e-05,1.625628396868705750e-02,-4.867109656333923340e-02
2.189530059695243835e-03,7.338107025134377182e-06,-3.146536350250244141e-01,-4.956351816654205322e-01,5.496720969676971436e-02,3.714010119438171387e-01,2.475015935488045216e-05,-4.301301389932632446e-02,-4.997971336706541479e-05,-2.417099848389625549e-02
-6.603824347257614136e-02,-1.161530053650494665e-05,-4.953046441078186035e-01,-4.468021988868713379e-01,1.104941498488187790e-02,3.584683239459991455e-01,2.946678400039672852e-01,-7.777584687573835254e-05,-1.623677962925285101e-05,-4.256709292531013489e-02
2.283173147588968277e-03,1.925757169374264777e-05,-3.152190148830413818e-01,-4.957433640956878662e-01,5.537634342908859253e-02,3.713412880897521973e-01,-1.767333560565020889e-05,-4.310620203614234924e-02,7.844754873076453805e-05,-2.381836809217929840e-02
-1.530290096998214722e-01,-6.085643544793128967e-02,-5.801382474601268768e-03,-3.195200562477111816e-01,-6.413618475198745728e-02,2.197260558605194092e-01,-1.070913225412368774e-01,5.599456926574930549e-06,1.047966163605451584e-02,-1.734739542007446289e-01
-6.686344742774963379e-02,1.378548404318280518e-05,-4.935820400714874268e-01,-4.469574987888336182e-01,1.158043090254068375e-02,3.580604791641235352e-01,2.941448688507080078e-01,-5.769406561739742756e-04,-3.245133484597317874e-06,-4.222266748547554016e-02
-3.932456020265817642e-03,-3.992948830127716064e-01,-6.517983227968215942e-02,-4.135840833187103271e-01,4.039005376398563385e-03,3.760813772678375244e-01,-1.421991139650344849e-01,5.422064714366570115e-05,2.042116038501262665e-02,-4.928972944617271423e-02
-1.531728804111480713e-01,-6.585133075714111328e-02,-7.268217857927083969e-03,-3.145716786384582520e-01,-6.599482893943786621e-02,2.189640700817108154e-01,-1.066669821739196777e-01,3.202024527126923203e-05,1.010160893201828003e-02,-1.739063560962677002e-01
-1.532021164894104004e-01,-6.084394454956054688e-02,-6.196078378707170486e-03,-3.190683424472808838e-01,-6.423332542181015015e-02,2.196234911680221558e-01,-1.075851246714591980e-01,2.715883601922541857e-05,1.002517715096473694e-02,-1.733674257993698120e-01
-4.746083915233612061e-02,-3.831519484519958496e-01,-8.771871030330657959e-02,-3.685678839683532715e-01,1.924146339297294617e-02,4.016300737857818604e-01,-1.943521797657012939e-01,1.639155198063235730e-05,5.085156764835119247e-03,-3.987713158130645752e-02
-2.131224609911441803e-03,-3.560017648851498961e-05,-1.645100563764572144e-01,-4.964762032032012939e-01,3.003890742547810078e-05,3.240559995174407959e-01,-8.393113315105438232e-02,-2.648970439622644335e-05,6.946280598640441895e-02,-1.111918874084949493e-02
3.705856579472310841e-05,3.927505531464703381e-05,-3.146779835224151611e-01,-4.953952729701995850e-01,5.459487065672874451e-02,3.709163665771484375e-01,6.525353455799631774e-06,-4.357663542032241821e-02,8.175717084668576717e-06,-2.490575984120368958e-02
-1.959529519081115723e-01,-1.670606583356857300e-01,-1.831833506003022194e-04,-2.141494154930114746e-01,-1.655921190977096558e-01,2.108166813850402832e-01,-8.612783998250961304e-02,1.754746335791423917e-06,1.654250919818878174e-02,-2.100801169872283936e-01
1.927208650158718228e-04,-2.864163798221852630e-05,-3.578502535820007324e-01,-5.073934793472290039e-01,4.080657288432121277e-02,3.749490678310394287e-01,4.732563346624374390e-02,-3.140297532081604004e-02,-1.016485621221363544e-03,-2.078312076628208160e-02
-5.086466204375028610e-03,-4.018901017843745649e-05,-1.627320051193237305e-01,-4.948692917823791504e-01,-1.846781015046872199e-05,3.233795464038848877e-01,-8.348399400711059570e-02,-2.195047272834926844e-07,6.971120834350585938e-02,-1.103479880839586258e-02
-2.558267806307412684e-05,-9.685774333775043488e-03,-3.535417616367340088e-01,-6.047680377960205078e-01,5.654035881161689758e-02,4.895527660846710205e-01,-2.698712646961212158e-01,5.070018582046031952e-03,5.365542165236547589e-06,1.689849235117435455e-02
-1.576147740706801414e-03,-8.214103581849485636e-05,-1.639668941497802734e-01,-4.972945451736450195e-01,1.021540811052545905e-06,3.239933252334594727e-01,-8.391162753105163574e-02,-2.586541450000368059e-05,6.979825347661972046e-02,-1.094065513461828232e-02
-2.352735958993434906e-02,-4.410142302513122559e-01,-3.845489025115966797e-02,-3.613879084587097168e-01,1.148669747635722160e-03,3.779203593730926514e-01,-1.694138646125793457e-01,-3.321499025332741439e-05,1.307670958340167999e-02,-3.719022870063781738e-02
-6.459084153175354004e-02,4.600866668624803424e-05,-4.937846660614013672e-01,-4.508467018604278564e-01,9.258103556931018829e-03,3.582750558853149414e-01,2.934863567352294922e-01,-1.877255999715998769e-04,-1.741089181450661272e-05,-4.445307701826095581e-02
1.766020897775888443e-03,-1.523149876447860152e-05,-3.144802749156951904e-01,-4.956101775169372559e-01,5.562760308384895325e-02,3.712874054908752441e-01,1.178262609755620360e-04,-4.294169694185256958e-02,-6.297408617683686316e-06,-2.429954893887042999e-02
-6.869829958304762840e-04,-4.397397935390472412e-01,-3.954022005200386047e-02,-3.994798064231872559e-01,6.186658982187509537e-03,3.775093555450439453e-01,-1.399792879819869995e-01,-1.793758929125033319e-05,1.923348754644393921e-02,-4.589612036943435669e-02
-3.637805348262190819e-03,-4.008449614048004150e-01,-6.514366716146469116e-02,-4.125983119010925293e-01,3.603458171710371971e-03,3.758767843246459961e-01,-1.418836563825607300e-01,-2.935787415481172502e-05,2.072971314191818237e-02,-4.935320466756820679e-02
-1.164321321994066238e-03,-6.322169210761785507e-04,-1.640445739030838013e-01,-4.972826242446899414e-01,4.046396861667744815e-05,3.240345120429992676e-01,-8.377925306558609009e-02,-7.533237294410355389e-06,6.979340314865112305e-02,-1.098062749952077866e-02
-2.002612799406051636e-01,-1.277641803026199341e-01,-6.091929026297293603e-05,-2.423068434000015259e-01,-1.424717307090759277e-01,2.053640782833099365e-01,-8.812311291694641113e-02,-3.962173650506883860e-05,1.685201562941074371e-02,-2.022513449192047119e-01
-6.868972559459507465e-05,-6.904285401105880737e-03,-3.546395003795623779e-01,-6.065712571144104004e-01,5.654383823275566101e-02,4.889495372772216797e-01,-2.702343761920928955e-01,5.305890459567308426e-03,-3.197517798980697989e-06,1.658663898706436157e-02
-1.337397247552871704e-01,-2.943377383053302765e-02,-1.435043942183256149e-02,-3.711393773555755615e-01,-4.108862951397895813e-02,2.499339580535888672e-01,-1.060405671596527100e-01,-2.149273132090456784e-05,4.441339522600173950e-02,-1.143984645605087280e-01
-1.215898664668202400e-03,-6.505280907731503248e-05,-1.651492267847061157e-01,-4.966370463371276855e-01,-2.806742850225418806e-04,3.241226673126220703e-01,-8.365108072757720947e-02,5.178677383810281754e-06,6.953252851963043213e-02,-1.104223355650901794e-02
1.985969254747033119e-03,-4.462361175683327019e-06,-3.147884905338287354e-01,-4.978054463863372803e-01,5.547581613063812256e-02,3.711220920085906982e-01,4.611877375282347202e-04,-4.284826666116714478e-02,8.932969649322330952e-06,-2.523028664290904999e-02
-2.366588205404696055e-06,8.916163096728269011e-06,-2.867797613143920898e-01,-7.021042704582214355e-01,7.723419368267059326e-02,5.843053460121154785e-01,-3.179029822349548340e-01,1.017746981233358383e-02,2.850900273188017309e-06,7.171387318521738052e-03
2.409894717857241631e-03,3.984190698247402906e-06,-3.154340386390686035e-01,-4.957202076911926270e-01,5.564863607287406921e-02,3.710620999336242676e-01,-7.847992492315825075e-06,-4.304615408182144165e-02,2.674325696716550738e-05,-2.426607720553874969e-02
-2.358432626351714134e-03,-4.711719157057814300e-06,-1.643011420965194702e-01,-4.965927302837371826e-01,1.487039844505488873e-05,3.237589597702026367e-01,-8.368948101997375488e-02,2.446479993523098528e-05,6.965867429971694946e-02,-1.099488511681556702e-02
-1.525348573923110962e-01,-6.073650345206260681e-02,-5.689837038516998291e-03,-3.201116323471069336e-01,-6.393229216337203979e-02,2.198027074337005615e-01,-1.072907745838165283e-01,4.375547723611816764e-05,1.028844714164733887e-02,-1.731841713190078735e-01
8.812848245725035667e-04,5.212306859903037548e-05,-3.112056255340576172e-01,-4.976120889186859131e-01,5.633232742547988892e-02,3.719355463981628418e-01,7.513781019952148199e-05,-4.310012236237525940e-02,3.160497726639732718e-05,-2.426516450941562653e-02
5.661288159899413586e-04,-2.605524787213653326e-05,-3.115154802799224854e-01,-4.976743459701538086e-01,5.640042200684547424e-02,3.716764152050018311e-01,5.638840375468134880e-04,-4.331113770604133606e-02,-6.208485501701943576e-06,-2.436620369553565979e-02
-2.587406197562813759e-05,-6.852526683360338211e-03,-3.548794388771057129e-01,-6.069014668464660645e-01,5.626146122813224792e-02,4.892353713512420654e-01,-2.699934542179107666e-01,5.364765878766775131e-03,2.530984420445747674e-05,1.666468009352684021e-02
1.884084660559892654e-03,-1.221400816575624049e-05,-2.943090200424194336e-01,-5.254739522933959961e-01,4.983507096767425537e-02,3.715864121913909912e-01,5.933566171734128147e-06,-3.146362304687500000e-02,1.374618615955114365e-03,-3.671361133456230164e-02
-1.519622504711151123e-01,-6.089366227388381958e-02,-5.685062147676944733e-03,-3.204642236232757568e-01,-6.383120268583297729e-02,2.198539823293685913e-01,-1.074941754341125488e-01,4.843120041186921299e-05,1.017037685960531235e-02,-1.731824725866317749e-01
-8.558642864227294922e-02,-3.255791664123535156e-01,-6.529958546161651611e-02,-3.833769857883453369e-01,4.124721139669418335e-02,4.015154242515563965e-01,-2.172801643610000610e-01,6.845327880000695586e-05,7.991743041202425957e-05,-3.690950945019721985e-02
1.704363967292010784e-04,-3.591457307338714600e-01,-1.599772721529006958e-01,-3.839640915393829346e-01,-2.149725332856178284e-04,4.192923009395599365e-01,-1.750294119119644165e-01,-5.838133802171796560e-06,1.572080509504303336e-05,-5.480291321873664856e-02
-1.219073906540870667e-01,-9.675323218107223511e-02,-8.105357736349105835e-02,-2.488859146833419800e-01,-1.686403751373291016e-01,2.456124275922775269e-01,-1.127341911196708679e-01,-1.102855458157137036e-05,4.336086660623550415e-02,-1.931147873401641846e-01
-1.482883393764495850e-01,-3.461726382374763489e-02,-6.338948733173310757e-04,-3.570557534694671631e-01,-4.511081799864768982e-02,2.387658804655075073e-01,-1.118796244263648987e-01,1.404238810209790245e-05,2.520546503365039825e-02,-1.366917043924331665e-01
-1.519527733325958252e-01,-6.088622286915779114e-02,-5.691575352102518082e-03,-3.204624056816101074e-01,-6.382992863655090332e-02,2.198512405157089233e-01,-1.074879989027976990e-01,9.916260751197114587e-06,1.019528228789567947e-02,-1.731896400451660156e-01
-2.157915532588958740e-01,-7.459302991628646851e-02,-2.157045382773503661e-04,-2.661058902740478516e-01,-1.161365285515785217e-01,1.996794044971466064e-01,-9.851921349763870239e-02,-3.257177013438194990e-06,1.771225780248641968e-02,-1.963918656110763550e-01
-1.542226672172546387e-01,-6.082995235919952393e-02,-7.181295659393072128e-03,-3.174820244312286377e-01,-6.477452814579010010e-02,2.194398641586303711e-01,-1.070791855454444885e-01,2.609581497381441295e-05,1.043975166976451874e-02,-1.735795736312866211e-01
-1.007816405035555363e-03,-4.393979609012603760e-01,-4.051083698868751526e-02,-3.984758853912353516e-01,5.914653651416301727e-03,3.773027062416076660e-01,-1.398612707853317261e-01,4.740617441711947322e-05,1.996779628098011017e-02,-4.621425643563270569e-02
-1.536242961883544922e-01,-6.049460545182228088e-02,-6.314784288406372070e-03,-3.189257383346557617e-01,-6.439820677042007446e-02,2.196755558252334595e-01,-1.072196364402770996e-01,2.695221883186604828e-05,1.029622089117765427e-02,-1.734838038682937622e-01
-3.562986850738525391e-03,-4.009363353252410889e-01,-6.517767161130905151e-02,-4.124474823474884033e-01,3.787701716646552086e-03,3.760776817798614502e-01,-1.424589902162551880e-01,2.691572808544151485e-05,2.029724791646003723e-02,-4.925500601530075073e-02
-1.550824195146560669e-01,-5.945600941777229309e-02,-6.764009594917297363e-03,-3.182674646377563477e-01,-6.444457173347473145e-02,2.197637408971786499e-01,-1.068335324525833130e-01,-1.509091816842556000e-06,1.029434986412525177e-02,-1.734180003404617310e-01
7.209023460745811462e-04,-7.555423508165404201e-06,-3.106745183467864990e-01,-4.973936080932617188e-01,5.643199756741523743e-02,3.715440034866333008e-01,2.160044095944613218e-05,-4.328027367591857910e-02,4.132013418711721897e-05,-2.483104728162288666e-02
-3.524700412526726723e-03,-4.009340107440948486e-01,-6.512767076492309570e-02,-4.125423729419708252e-01,3.693333128467202187e-03,3.759858012199401855e-01,-1.421487182378768921e-01,1.698269807093311101e-05,2.058112435042858124e-02,-4.919587448239326477e-02
-5.929848412051796913e-04,-4.397263824939727783e-01,-3.966203704476356506e-02,-3.996044993400573730e-01,6.210087798535823822e-03,3.775059878826141357e-01,-1.399274617433547974e-01,-4.086231638211756945e-05,1.928159780800342560e-02,-4.588321968913078308e-02
1.453854110877728090e-05,3.789438778767362237e-06,-2.751774489879608154e-01,-7.114197015762329102e-01,7.992609590291976929e-02,5.869354009628295898e-01,-3.174647092819213867e-01,1.087164226919412613e-02,1.617641100892797112e-05,5.033490713685750961e-03
-1.539693176746368408e-01,-6.082779914140701294e-02,-7.013071794062852859e-03,-3.178484141826629639e-01,-6.456150114536285400e-02,2.195555120706558228e-01,-1.067178696393966675e-01,4.456569513422437012e-06,1.059138495475053787e-02,-1.735617816448211670e-01
3.290259046480059624e-04,1.314091787207871675e-04,-3.147138059139251709e-01,-4.960697293281555176e-01,5.513870343565940857e-02,3.710994422435760498e-01,9.482355089858174324e-04,-4.317635297775268555e-02,4.549192453850992024e-06,-2.471223287284374237e-02
1.854108813859056681e-05,2.909517206717282534e-06,-2.737665474414825439e-01,-7.108443379402160645e-01,7.982484996318817139e-02,5.866789221763610840e-01,-3.182215094566345215e-01,1.150169316679239273e-02,9.971578037948347628e-06,5.745076574385166168e-03
-1.561083197593688965e-01,-5.899323895573616028e-02,-1.508974563330411911e-02,-3.130345940589904785e-01,-7.349880784749984741e-02,2.176311165094375610e-01,-1.056190803647041321e-01,2.898475941037759185e-05,1.247398555278778076e-02,-1.769390106201171875e-01
-3.553373739123344421e-03,-4.012435674667358398e-01,-6.473624706268310547e-02,-4.126953780651092529e-01,3.809228539466857910e-03,3.760715723037719727e-01,-1.422653347253799438e-01,-2.513509753043763340e-05,2.034356817603111267e-02,-4.919559136033058167e-02
2.980481658596545458e-04,-1.469351991545408964e-05,-3.111018836498260498e-01,-4.975799024105072021e-01,5.677923560142517090e-02,3.715513944625854492e-01,3.949307720176875591e-04,-4.308278486132621765e-02,-7.239998012664727867e-06,-2.488768845796585083e-02
-3.439794294536113739e-03,-4.082625806331634521e-01,-5.884275585412979126e-02,-4.110820293426513672e-01,5.305861588567495346e-03,3.763852417469024658e-01,-1.401554346084594727e-01,8.805711331660859287e-06,2.138203755021095276e-02,-4.902500659227371216e-02
-1.530952751636505127e-01,-6.540007889270782471e-02,-7.534065749496221542e-03,-3.147907257080078125e-01,-6.576570868492126465e-02,2.191485315561294556e-01,-1.065410524606704712e-01,-7.612270565005019307e-06,1.016860920935869217e-02,-1.737485975027084351e-01
-1.531930416822433472e-01,-6.497912853956222534e-02,-7.293874397873878479e-03,-3.151965141296386719e-01,-6.580010801553726196e-02,2.194042205810546875e-01,-1.064782738685607910e-01,5.732801582780666649e-06,9.845339693129062653e-03,-1.738577038049697876e-01
4.582944326102733612e-03,6.023163223289884627e-06,-3.108049929141998291e-01,-5.016620159149169922e-01,5.680048093199729919e-02,3.716138005256652832e-01,3.390606434550136328e-05,-4.289851337671279907e-02,-1.916407054523006082e-04,-2.465707994997501373e-02
-1.539029777050018311e-01,-6.238323822617530823e-02,-7.466366048902273178e-03,-3.163790404796600342e-01,-6.507588177919387817e-02,2.193560302257537842e-01,-1.070305779576301575e-01,-6.234724423848092556e-06,1.013703830540180206e-02,-1.735364943742752075e-01
-3.567643696442246437e-03,-4.012584090232849121e-01,-6.474800407886505127e-02,-4.127230942249298096e-01,3.837768919765949249e-03,3.760402202606201172e-01,-1.419762372970581055e-01,1.318440081377048045e-05,2.057388424873352051e-02,-4.921059310436248779e-02
2.881780092138797045e-04,-5.854567461938131601e-06,-3.204338252544403076e-01,-4.903355538845062256e-01,5.201770737767219543e-02,3.711807727813720703e-01,6.267709977691993117e-07,-4.385672882199287415e-02,1.687335861788596958e-05,-2.520791627466678619e-02
-9.606780804460868239e-05,-4.396652281284332275e-01,-4.049070179462432861e-02,-3.986144065856933594e-01,5.988753400743007660e-03,3.773309886455535889e-01,-1.402699500322341919e-01,2.202321775257587433e-05,1.970498450100421906e-02,-4.615101590752601624e-02
-1.537103089503943920e-03,-4.379653632640838623e-01,-3.844491019845008850e-02,-3.932394683361053467e-01,1.913004205562174320e-03,3.737286925315856934e-01,-1.414473652839660645e-01,3.201713752787327394e-06,2.237875945866107941e-02,-4.188066348433494568e-02
-1.529265046119689941e-01,-6.078384444117546082e-02,-5.573078058660030365e-03,-3.198277056217193604e-01,-6.391565501689910889e-02,2.198317945003509521e-01,-1.073398217558860779e-01,9.159311957773752511e-06,1.015773881226778030e-02,-1.732566356658935547e-01
-1.541762202978134155e-01,-6.085704267024993896e-02,-7.203062996268272400e-03,-3.175216019153594971e-01,-6.474369764328002930e-02,2.194734513759613037e-01,-1.070572435855865479e-01,-2.099404446198605001e-05,1.041542273014783859e-02,-1.735610663890838623e-01
-1.531449556350708008e-01,-6.508880108594894409e-02,-7.379378657788038254e-03,-3.151749670505523682e-01,-6.576180458068847656e-02,2.194552123546600342e-01,-1.063569113612174988e-01,9.320647222921252251e-07,9.924922138452529907e-03,-1.738473623991012573e-01
-3.541047684848308563e-03,-4.010528326034545898e-01,-6.514139473438262939e-02,-4.124765694141387939e-01,3.591546323150396347e-03,3.759625554084777832e-01,-1.423947513103485107e-01,2.955515083158388734e-05,2.031489275395870209e-02,-4.918366298079490662e-02
4.904633969999849796e-04,-7.035928319965023547e-06,-3.114903569221496582e-01,-4.982389211654663086e-01,5.651905015110969543e-02,3.720887005329132080e-01,2.102394355461001396e-03,-4.396283999085426331e-02,7.603311678394675255e-04,-2.415384165942668915e-02
-1.531742364168167114e-01,-6.317502260208129883e-02,-7.267095148563385010e-03,-3.166038990020751953e-01,-6.503820419311523438e-02,2.194068878889083862e-01,-1.066162362694740295e-01,3.215397737221792340e-05,1.026952080428600311e-02,-1.735200881958007812e-01
-3.928866703063249588e-03,3.186522735632024705e-05,-1.637697964906692505e-01,-4.953041970729827881e-01,-4.020573105663061142e-04,3.236238658428192139e-01,-8.344700932502746582e-02,2.009134550462476909e-05,7.003787159919738770e-02,-1.077212672680616379e-02
-2.439687959849834442e-03,-1.322585449088364840e-04,-1.642940789461135864e-01,-4.963101148605346680e-01,-1.371954567730426788e-07,3.238941133022308350e-01,-8.342969417572021484e-02,2.023436900344677269e-05,6.963726133108139038e-02,-1.129466760903596878e-02
-1.906400620937347412e-01,-6.848067790269851685e-02,-1.431695563951507211e-04,-2.894079685211181641e-01,-9.090293198823928833e-02,2.042234987020492554e-01,-1.066511273384094238e-01,1.208888079418102279e-05,1.524206902831792831e-02,-1.869391649961471558e-01
-3.664250951260328293e-03,-4.070358872413635254e-01,-5.950442329049110413e-02,-4.112548232078552246e-01,5.160544067621231079e-03,3.765882253646850586e-01,-1.413080990314483643e-01,4.943629028275609016e-05,2.042464166879653931e-02,-4.884881153702735901e-02
-1.530246436595916748e-01,-6.060538440942764282e-02,-5.488954018801450729e-03,-3.200293779373168945e-01,-6.372389197349548340e-02,2.198380231857299805e-01,-1.071822270750999451e-01,1.367754339298699051e-05,1.016411744058132172e-02,-1.732140034437179565e-01
-4.319063009461387992e-05,-4.396516084671020508e-01,-4.015913978219032288e-02,-3.987446427345275879e-01,6.221364252269268036e-03,3.773982226848602295e-01,-1.403478980064392090e-01,1.101632915379013866e-05,1.965429820120334625e-02,-4.602241516113281250e-02
-1.529288440942764282e-01,-6.091219931840896606e-02,-5.518869496881961823e-03,-3.197979032993316650e-01,-6.400807946920394897e-02,2.197978943586349487e-01,-1.073981225490570068e-01,2.963774386444129050e-05,1.013975962996482849e-02,-1.732912361621856689e-01
-2.343550790101289749e-03,-7.115595508366823196e-05,-1.646436303853988647e-01,-4.958136677742004395e-01,-3.456476406427100301e-06,3.236894011497497559e-01,-8.373841643333435059e-02,-5.744206646340899169e-05,6.979259848594665527e-02,-1.100534573197364807e-02
1.371980644762516022e-03,6.607674549741204828e-06,-3.219016194343566895e-01,-4.906016886234283447e-01,5.263285338878631592e-02,3.711757957935333252e-01,2.242357586510479450e-04,-4.293477535247802734e-02,7.648326572962105274e-06,-2.340116165578365326e-02
-3.195218960172496736e-05,-6.257226690649986267e-03,-3.546397984027862549e-01,-6.074476242065429688e-01,5.612068623304367065e-02,4.891667962074279785e-01,-2.698460817337036133e-01,5.435947328805923462e-03,3.873092646244913340e-05,1.623334921896457672e-02
-1.524561047554016113e-01,-6.079013645648956299e-02,-5.624128505587577820e-03,-3.201897442340850830e-01,-6.387440115213394165e-02,2.198585420846939087e-01,-1.073611229658126831e-01,6.970185495447367430e-07,1.021189428865909576e-02,-1.732110977172851562e-01
-6.682984530925750732e-02,7.531622941314708441e-06,-4.948399066925048828e-01,-4.462661147117614746e-01,1.128852274268865585e-02,3.583846092224121094e-01,2.945142686367034912e-01,-1.322192838415503502e-04,-6.372424650180619210e-06,-4.299604892730712891e-02
-1.577810794115066528e-01,-2.379932068288326263e-02,-1.076800072041805834e-05,-3.643764853477478027e-01,-4.507486149668693542e-02,2.296080589294433594e-01,-1.211892589926719666e-01,-1.179445825982838869e-05,4.351250082254409790e-02,-1.235024258494377136e-01
-3.919025417417287827e-03,-4.044454693794250488e-01,-6.692431122064590454e-02,-4.080888926982879639e-01,2.891417359933257103e-03,3.760357499122619629e-01,-1.419651955366134644e-01,3.770945477299392223e-05,2.034022659063339233e-02,-4.946618154644966125e-02
2.249981742352247238e-03,-2.013500125030986965e-05,-3.189642727375030518e-01,-4.913503527641296387e-01,5.435397848486900330e-02,3.719761371612548828e-01,2.283003646880388260e-03,-3.990716859698295593e-02,3.025554586201906204e-03,-2.696306630969047546e-02
-1.316026318818330765e-03,8.575952961109578609e-07,-1.651882827281951904e-01,-4.962601065635681152e-01,4.037945836898870766e-05,3.240027427673339844e-01,-8.392655104398727417e-02,2.488847894710488617e-05,6.960754841566085815e-02,-1.095205638557672501e-02
1.585033605806529522e-03,3.081112663494423032e-05,-3.142860233783721924e-01,-4.957379698753356934e-01,5.550098419189453125e-02,3.715558052062988281e-01,3.248529174015857279e-05,-4.333775490522384644e-02,4.623554559657350183e-05,-2.383114956319332123e-02
4.864461079705506563e-04,1.603224518476054072e-05,-3.109152913093566895e-01,-4.978942871093750000e-01,5.693553760647773743e-02,3.720734119415283203e-01,3.193241718690842390e-04,-4.322037473320960999e-02,1.444982444809284061e-05,-2.422668598592281342e-02
-1.539866328239440918e-01,-6.146082654595375061e-02,-7.276658900082111359e-03,-3.171333074569702148e-01,-6.500571221113204956e-02,2.194241583347320557e-01,-1.070748865604400635e-01,5.227391284279292449e-06,1.034340914338827133e-02,-1.736645996570587158e-01
-1.547854542732238770e-01,-6.132156029343605042e-02,-8.386592380702495575e-03,-3.159700334072113037e-01,-6.955979019403457642e-02,2.179684787988662720e-01,-1.079160422086715698e-01,-4.542930582829285413e-06,1.058928668498992920e-02,-1.764856278896331787e-01
-3.500746563076972961e-03,-4.010400176048278809e-01,-6.523583084344863892e-02,-4.125029444694519043e-01,3.834467148408293724e-03,3.760178089141845703e-01,-1.420773416757583618e-01,-4.716860712505877018e-05,2.074896171689033508e-02,-4.929381981492042542e-02
-1.804637014865875244e-01,-7.461926341056823730e-02,-9.399268776178359985e-03,-2.865815460681915283e-01,-9.640324860811233521e-02,2.086015790700912476e-01,-9.993544220924377441e-02,3.605637175496667624e-05,1.516205072402954102e-02,-1.868786066770553589e-01
-1.512660682201385498e-01,-6.096588447690010071e-02,-6.266324315220117569e-03,-3.214892148971557617e-01,-6.291591376066207886e-02,2.216593474149703979e-01,-1.070356220006942749e-01,3.300061507616192102e-05,1.142759714275598526e-02,-1.702460944652557373e-01
-3.556828247383236885e-03,-4.013526737689971924e-01,-6.473353505134582520e-02,-4.126858711242675781e-01,3.834108589217066765e-03,3.760414421558380127e-01,-1.420753598213195801e-01,4.500953218666836619e-05,2.047306671738624573e-02,-4.919841513037681580e-02
-1.537532210350036621e-01,-6.540584564208984375e-02,-8.097543381154537201e-03,-3.139730095863342285e-01,-6.650228798389434814e-02,2.200006991624832153e-01,-1.075964942574501038e-01,-5.896825314266607165e-06,9.340940974652767181e-03,-1.728756278753280640e-01
-4.261896945536136627e-03,-4.036355614662170410e-01,-6.691757589578628540e-02,-4.085147082805633545e-01,2.982893493026494980e-03,3.760394155979156494e-01,-1.419937908649444580e-01,-4.775629349751397967e-05,2.035413309931755066e-02,-4.953293874859809875e-02
-1.540413945913314819e-01,-6.102105602622032166e-02,-7.239982951432466507e-03,-3.173890411853790283e-01,-6.480975449085235596e-02,2.194466143846511841e-01,-1.070422530174255371e-01,-7.530495167884510010e-06,1.049391645938158035e-02,-1.736323982477188110e-01
-3.614650107920169830e-03,-4.010569751262664795e-01,-6.474867463111877441e-02,-4.128116071224212646e-01,3.809172892943024635e-03,3.760685920715332031e-01,-1.421848982572555542e-01,1.965273258974775672e-05,2.042833715677261353e-02,-4.920085892081260681e-02
-1.535185277462005615e-01,-6.067071855068206787e-02,-6.493010558187961578e-03,-3.186149895191192627e-01,-6.450641900300979614e-02,2.196170240640640259e-01,-1.074056178331375122e-01,2.436093200230970979e-05,1.026761624962091446e-02,-1.735531538724899292e-01
-5.914694070816040039e-02,-1.335894012299831957e-05,-5.099074244499206543e-01,-4.390926361083984375e-01,2.070938535325694829e-05,3.637291789054870605e-01,2.960722148418426514e-01,-1.257370458915829659e-03,2.167420461773872375e-05,-5.112773552536964417e-02
2.871069591492414474e-03,5.144048191141337156e-05,-3.194752037525177002e-01,-4.989542961120605469e-01,5.563413351774215698e-02,3.703197240829467773e-01,8.655978366732597351e-03,-3.769000619649887085e-02,2.558277628850191832e-04,-2.047288976609706879e-02
-2.038812935352325439e-01,-6.617226451635360718e-02,-1.801883627194911242e-06,-2.807158231735229492e-01,-9.686608612537384033e-02,1.985539644956588745e-01,-1.063100323081016541e-01,-6.054065579519374296e-06,1.757077686488628387e-02,-1.905431300401687622e-01
-6.294126808643341064e-02,1.184502161777345464e-05,-4.943455755710601807e-01,-4.542584121227264404e-01,5.732465535402297974e-03,3.585318326950073242e-01,2.907992303371429443e-01,6.662555279035586864e-06,-4.707992775365710258e-05,-4.944737255573272705e-02
7.513479213230311871e-04,8.476350558339618146e-06,-3.112843036651611328e-01,-4.975998401641845703e-01,5.656715855002403259e-02,3.714235723018646240e-01,-2.955028321593999863e-06,-4.330107197165489197e-02,1.452243304811418056e-05,-2.444030903279781342e-02
-1.621074974536895752e-01,-6.759553402662277222e-02,-5.661237053573131561e-03,-3.079573512077331543e-01,-7.519950717687606812e-02,2.157476991415023804e-01,-1.081263497471809387e-01,8.439312296104617417e-06,1.137901004403829575e-02,-1.778933852910995483e-01
4.717654373962432146e-04,5.371608858695253730e-05,-3.111908137798309326e-01,-4.974029362201690674e-01,5.634802579879760742e-02,3.713630437850952148e-01,5.457188308355398476e-05,-4.348262771964073181e-02,4.194698703940957785e-05,-2.463667839765548706e-02
-9.697922319173812866e-02,-3.978375792503356934e-01,-2.105444110929965973e-02,-3.303174376487731934e-01,2.078439295291900635e-02,3.841717839241027832e-01,-1.993492543697357178e-01,2.606031921459361911e-05,9.596487507224082947e-03,-3.074327297508716583e-02
5.253891868051141500e-05,-9.378119371831417084e-03,-3.545031845569610596e-01,-6.049893498420715332e-01,5.614539980888366699e-02,4.892010688781738281e-01,-2.698121964931488037e-01,5.337145179510116577e-03,6.561092959600500762e-06,1.706830412149429321e-02
-1.534271687269210815e-01,-6.078857928514480591e-02,-6.392682902514934540e-03,-3.187596797943115234e-01,-6.449707597494125366e-02,2.195995301008224487e-01,-1.074098125100135803e-01,8.343205990968272090e-06,1.030454784631729126e-02,-1.735759526491165161e-01
-1.772903054952621460e-01,-7.476449757814407349e-02,-1.171838492155075073e-02,-2.871780097484588623e-01,-9.565329551696777344e-02,2.097936719655990601e-01,-1.002848446369171143e-01,-3.863124584313482046e-05,1.475097052752971649e-02,-1.860044449567794800e-01
-1.543615758419036865e-01,-6.614368408918380737e-02,-7.937686517834663391e-03,-3.130374848842620850e-01,-6.716521084308624268e-02,2.195931971073150635e-01,-1.073017045855522156e-01,-1.537724892841652036e-05,8.341290988028049469e-03,-1.740989536046981812e-01
-3.390082390978932381e-03,-1.002511271508410573e-05,-1.639106124639511108e-01,-4.954214990139007568e-01,-6.225306606211233884e-06,3.236920833587646484e-01,-8.371903002262115479e-02,-4.839325629291124642e-05,6.985152512788772583e-02,-1.098395697772502899e-02
1.913840969791635871e-04,6.258806388359516859e-05,-3.113561272621154785e-01,-4.974374771118164062e-01,5.622931942343711853e-02,3.713048100471496582e-01,3.966056829085573554e-05,-4.339376464486122131e-02,-3.540043690009042621e-05,-2.422935329377651215e-02
-1.475994735956192017e-01,-8.287552744150161743e-02,-3.720313683152198792e-02,-2.941332161426544189e-01,-9.768913686275482178e-02,2.163064777851104736e-01,-8.692463487386703491e-02,3.140330227324739099e-05,2.567385695874691010e-02,-1.765630394220352173e-01
-8.490881882607936859e-04,-4.392906725406646729e-01,-4.015197977423667908e-02,-3.991073966026306152e-01,6.286048330366611481e-03,3.773143589496612549e-01,-1.403750926256179810e-01,-3.855183022096753120e-04,1.932472363114356995e-02,-4.622034355998039246e-02
-1.862391084432601929e-01,-7.227292656898498535e-02,-4.828167613595724106e-03,-2.867594659328460693e-01,-9.632604569196701050e-02,2.071967869997024536e-01,-1.010006517171859741e-01,2.024369496211875230e-05,1.535794604569673538e-02,-1.883158385753631592e-01
-1.531576365232467651e-01,-6.110448017716407776e-02,-6.119265686720609665e-03,-3.190315663814544678e-01,-6.440446525812149048e-02,2.195724993944168091e-01,-1.072348803281784058e-01,9.679522008809726685e-06,1.039425656199455261e-02,-1.734882295131683350e-01
1.022433978505432606e-03,2.945751475635915995e-06,-3.146595060825347900e-01,-4.956611990928649902e-01,5.511549487709999084e-02,3.714036643505096436e-01,3.756256191991269588e-04,-4.340353608131408691e-02,-1.635905573493801057e-05,-2.397736348211765289e-02
-1.446848958730697632e-01,-7.776274532079696655e-02,-5.872200801968574524e-02,-2.905694544315338135e-01,-1.033646911382675171e-01,2.227822542190551758e-01,-8.405470103025436401e-02,-9.729852536111138761e-06,3.513080626726150513e-02,-1.647502928972244263e-01
1.039037713780999184e-03,7.128703873604536057e-05,-3.154028058052062988e-01,-4.955313801765441895e-01,5.527821928262710571e-02,3.712145090103149414e-01,2.963150618597865105e-04,-4.334675148129463196e-02,7.887709216447547078e-06,-2.389149926602840424e-02
-3.173140066792257130e-05,-1.178180053830146790e-01,-4.339115917682647705e-01,-4.477042555809020996e-01,6.842023134231567383e-02,6.049451231956481934e-01,-2.942517101764678955e-01,1.090489604393951595e-06,1.646485477685928345e-01,5.750846117734909058e-02
-3.497841826174408197e-04,-4.391966462135314941e-01,-3.973600640892982483e-02,-3.994328081607818604e-01,6.542995572090148926e-03,3.775519132614135742e-01,-1.402409821748733521e-01,-1.724613321130163968e-05,1.959815807640552521e-02,-4.600099101662635803e-02
6.267388816922903061e-04,-1.567987055750563741e-05,-3.114407360553741455e-01,-4.971854388713836670e-01,5.605974420905113220e-02,3.716204464435577393e-01,4.226283272146247327e-05,-4.324519261717796326e-02,-1.962491660378873348e-05,-2.489281818270683289e-02
1.974530750885605812e-03,1.017686190607491881e-05,-3.163960874080657959e-01,-4.947324991226196289e-01,5.512068048119544983e-02,3.712154030799865723e-01,2.288009272888302803e-04,-4.282553121447563171e-02,-1.906062425405252725e-05,-2.405848726630210876e-02
2.374251198489218950e-05,9.959841918316669762e-06,-2.876794636249542236e-01,-7.014123201370239258e-01,7.687602937221527100e-02,5.839201807975769043e-01,-3.175793886184692383e-01,1.051025744527578354e-02,-1.091779995476827025e-04,7.553845643997192383e-03
-1.538055092096328735e-01,-6.048048660159111023e-02,-6.387428846210241318e-03,-3.187141120433807373e-01,-6.436281651258468628e-02,2.196419835090637207e-01,-1.070757806301116943e-01,2.199713708250783384e-05,1.043690275400876999e-02,-1.734629869461059570e-01
-3.466623136773705482e-03,-4.012529253959655762e-01,-6.491912156343460083e-02,-4.125586450099945068e-01,3.607669379562139511e-03,3.760993480682373047e-01,-1.422669887542724609e-01,4.560714660328812897e-05,2.022876217961311340e-02,-4.925134405493736267e-02
-1.532618999481201172e-01,-6.558110564947128296e-02,-7.184352725744247437e-03,-3.147160112857818604e-01,-6.563737988471984863e-02,2.192766219377517700e-01,-1.064235568046569824e-01,2.180632873205468059e-05,1.010254584252834320e-02,-1.737416982650756836e-01
-2.457912079989910126e-03,-5.614432666334323585e-05,-1.644973605871200562e-01,-4.962742328643798828e-01,7.856642696424387395e-07,3.238621950149536133e-01,-8.383305370807647705e-02,-6.744689926563296467e-06,6.971420347690582275e-02,-1.107276137918233871e-02
-3.592375898733735085e-03,-4.010646939277648926e-01,-6.516866385936737061e-02,-4.125387966632843018e-01,3.552764654159545898e-03,3.759691417217254639e-01,-1.418912112712860107e-01,4.353390977485105395e-06,2.071652002632617950e-02,-4.922494664788246155e-02
-2.857771236449480057e-03,-9.765570212039165199e-06,-1.638583242893218994e-01,-4.963176250457763672e-01,1.979742410185281187e-05,3.237991034984588623e-01,-8.362217992544174194e-02,2.024970017373561859e-04,6.999287754297256470e-02,-1.109000481665134430e-02
-2.220862006652168930e-05,-2.208206569775938988e-05,-2.758618593215942383e-01,-7.075408101081848145e-01,7.886823266744613647e-02,5.878172516822814941e-01,-3.191466033458709717e-01,1.081429142504930496e-02,9.229128045262768865e-05,6.936780642718076706e-03
-5.156299099326133728e-02,2.556517938501201570e-05,-5.123444199562072754e-01,-4.274046719074249268e-01,-7.339009607676416636e-05,3.811350166797637939e-01,2.953082025051116943e-01,-2.808014505717437714e-05,-1.357733085751533508e-02,-5.772527679800987244e-02
2.146516635548323393e-05,-3.768822550773620605e-01,-1.138641610741615295e-01,-4.141384363174438477e-01,-1.531983798486180604e-06,4.031107723712921143e-01,-1.332284361124038696e-01,3.913911132258363068e-05,1.162264402955770493e-02,-5.257441848516464233e-02
1.476953184464946389e-04,-6.063892215024679899e-06,-3.146484792232513428e-01,-4.947964549064636230e-01,5.510270595550537109e-02,3.713768422603607178e-01,1.129321844928199425e-05,-4.335550591349601746e-02,3.305195423308759928e-05,-2.453301846981048584e-02
-1.537246704101562500e-01,-6.179599463939666748e-02,-6.615102756768465042e-03,-3.176657557487487793e-01,-6.455403566360473633e-02,2.193333208560943604e-01,-1.068450212478637695e-01,-2.412969024589983746e-06,1.045699324458837509e-02,-1.735440492630004883e-01
-1.529923826456069946e-01,-6.088503077626228333e-02,-5.522418767213821411e-03,-3.198010325431823730e-01,-6.396753340959548950e-02,2.198028713464736938e-01,-1.072880327701568604e-01,-3.113974798907293007e-06,1.017254125326871872e-02,-1.732387095689773560e-01
-3.661428054329007864e-04,-4.391984045505523682e-01,-3.972844406962394714e-02,-3.994465470314025879e-01,6.518902722746133804e-03,3.775305449962615967e-01,-1.401990950107574463e-01,2.128172855009324849e-05,1.962058432400226593e-02,-4.600984975695610046e-02
-1.523224115371704102e-01,-6.093324348330497742e-02,-5.700289271771907806e-03,-3.200778961181640625e-01,-6.399393081665039062e-02,2.197974622249603271e-01,-1.075992882251739502e-01,8.793850611255038530e-06,1.009873393923044205e-02,-1.732357591390609741e-01
-3.581092460080981255e-03,-4.007979631423950195e-01,-6.514353305101394653e-02,-4.126538634300231934e-01,3.716940991580486298e-03,3.759805560111999512e-01,-1.422845870256423950e-01,4.403842831379733980e-05,2.049542590975761414e-02,-4.919258877635002136e-02
-1.531317532062530518e-01,-6.532156467437744141e-02,-7.525898516178131104e-03,-3.148031830787658691e-01,-6.574291735887527466e-02,2.191933095455169678e-01,-1.065990179777145386e-01,-9.349802894575987011e-06,1.008583977818489075e-02,-1.737331300973892212e-01
-1.530538797378540039e-01,-6.123241037130355835e-02,-6.009980570524930954e-03,-3.191177546977996826e-01,-6.435167044401168823e-02,2.196141779422760010e-01,-1.071377024054527283e-01,1.730471922201104462e-05,1.040520332753658295e-02,-1.734554469585418701e-01
7.591504836454987526e-04,4.726404586108401418e-05,-3.112807869911193848e-01,-4.973449707031250000e-01,5.626063793897628784e-02,3.715609908103942871e-01,3.443480090936645865e-05,-4.348240047693252563e-02,1.259345481230411679e-05,-2.458498440682888031e-02
-4.578927473630756140e-05,4.203699063509702682e-06,-2.875805795192718506e-01,-7.016931176185607910e-01,7.693421840667724609e-02,5.839052796363830566e-01,-3.180287480354309082e-01,1.012701820582151413e-02,-8.598308340879157186e-07,7.321621757000684738e-03
-1.875629881396889687e-03,-7.281522266566753387e-05,-1.637213230133056641e-01,-4.976005256175994873e-01,2.123280137311667204e-05,3.240526318550109863e-01,-8.389612287282943726e-02,3.458628270891495049e-06,6.967053562402725220e-02,-1.112355198711156845e-02
-6.592805683612823486e-02,1.808354136301204562e-05,-4.904281497001647949e-01,-4.498783648014068604e-01,1.275074575096368790e-02,3.583112061023712158e-01,2.950843572616577148e-01,-4.400363541208207607e-04,-4.758483555633574724e-06,-4.164818674325942993e-02
-3.706048475578427315e-03,-4.070857763290405273e-01,-5.947398021817207336e-02,-4.112593233585357666e-01,5.047944840043783188e-03,3.765988945960998535e-01,-1.413746327161788940e-01,4.529941361397504807e-05,2.030383609235286713e-02,-4.889040067791938782e-02
-1.533975750207901001e-01,-6.487032771110534668e-02,-8.078366518020629883e-03,-3.151359856128692627e-01,-6.670265644788742065e-02,2.189791053533554077e-01,-1.061350405216217041e-01,-1.177179092337610200e-05,9.702728129923343658e-03,-1.741671413183212280e-01
1.660123933106660843e-03,3.844703314825892448e-05,-3.117094337940216064e-01,-4.979613423347473145e-01,5.616839602589607239e-02,3.715488612651824951e-01,1.827512169256806374e-04,-4.303130507469177246e-02,-1.462601539969909936e-05,-2.394588477909564972e-02
-1.543143689632415771e-01,-6.164157763123512268e-02,-7.245186716318130493e-03,-3.167536854743957520e-01,-6.516865640878677368e-02,2.194925695657730103e-01,-1.069895997643470764e-01,6.446453880926128477e-06,1.027584448456764221e-02,-1.737833321094512939e-01
-1.548662632703781128e-01,-6.436686217784881592e-02,-7.244112901389598846e-03,-3.141258358955383301e-01,-6.615512073040008545e-02,2.194254398345947266e-01,-1.078996807336807251e-01,-3.025112891918979585e-05,8.713211864233016968e-03,-1.738164424896240234e-01
1.753597280185203999e-05,2.322630098205991089e-05,-3.145606219768524170e-01,-4.949872195720672607e-01,5.509497970342636108e-02,3.715217113494873047e-01,5.983926239423453808e-04,-4.316350817680358887e-02,-2.011021933867596090e-05,-2.443441748619079590e-02
-1.506704539060592651e-01,-3.970520198345184326e-02,-2.650363137945532799e-03,-3.479535281658172607e-01,-4.944085702300071716e-02,2.348181754350662231e-01,-1.098644658923149109e-01,1.411224093317287043e-05,2.203711122274398804e-02,-1.444589793682098389e-01
-6.887769699096679688e-02,1.438411163690034300e-05,-4.956573843955993652e-01,-4.441159367561340332e-01,1.203765161335468292e-02,3.586363792419433594e-01,2.940773665904998779e-01,-5.858310032635927200e-04,7.804569759173318744e-05,-4.343625530600547791e-02
1.248975982889533043e-03,1.781106402631849051e-05,-3.208714723587036133e-01,-4.928062260150909424e-01,5.214987695217132568e-02,3.720586001873016357e-01,4.642448038794100285e-04,-4.403941705822944641e-02,-2.189257065765559673e-05,-2.535166963934898376e-02
-3.212179290130734444e-03,-3.301024116808548570e-05,-1.638541668653488159e-01,-4.957104623317718506e-01,1.285234338865848258e-05,3.236701488494873047e-01,-8.366236835718154907e-02,2.073577707051299512e-05,6.958635151386260986e-02,-1.118768099695444107e-02
-7.075293362140655518e-02,-3.619518578052520752e-01,-2.270327135920524597e-02,-4.052858948707580566e-01,2.255236729979515076e-02,3.842675089836120605e-01,-1.847956180572509766e-01,2.736865426413714886e-04,4.250525962561368942e-03,-3.561944141983985901e-02
-6.728265434503555298e-02,-2.308616785740014166e-05,-4.950056970119476318e-01,-4.462172091007232666e-01,1.129497401416301727e-02,3.584720790386199951e-01,2.943187355995178223e-01,-1.146155591413844377e-05,8.540035196347162127e-05,-4.277393221855163574e-02
-3.566276049241423607e-03,-4.008652865886688232e-01,-6.513381749391555786e-02,-4.126503169536590576e-01,3.697133390232920647e-03,3.759256899356842041e-01,-1.422352492809295654e-01,3.778869722736999393e-05,2.049273811280727386e-02,-4.921369627118110657e-02
-3.733362769708037376e-03,-4.045214653015136719e-01,-6.708860397338867188e-02,-4.087339639663696289e-01,2.966994652524590492e-03,3.759095072746276855e-01,-1.415132582187652588e-01,1.202338353323284537e-05,2.072062529623508453e-02,-4.988214001059532166e-02
-3.672111080959439278e-03,-5.905069992877542973e-04,-1.635811775922775269e-01,-4.953124225139617920e-01,-2.436479189782403409e-05,3.233208954334259033e-01,-8.327025920152664185e-02,3.160973210469819605e-05,6.959834694862365723e-02,-1.105243898928165436e-02
-1.860552728176116943e-01,-7.210032641887664795e-02,-5.594176705926656723e-03,-2.866664528846740723e-01,-9.629248082637786865e-02,2.075507193803787231e-01,-1.006821319460868835e-01,-1.252755464520305395e-05,1.516339741647243500e-02,-1.880850046873092651e-01
4.757262067869305611e-04,2.924930049630347639e-05,-3.167197704315185547e-01,-5.048943161964416504e-01,4.890346527099609375e-02,3.734044134616851807e-01,8.259862661361694336e-03,-3.930553048849105835e-02,-1.008545041258912534e-05,-2.567993290722370148e-02
-3.814268624410033226e-03,-4.074429869651794434e-01,-5.901654437184333801e-02,-4.111269712448120117e-01,5.212510470300912857e-03,3.766967654228210449e-01,-1.412481963634490967e-01,-6.729737833666149527e-06,2.014069259166717529e-02,-4.885776340961456299e-02
-1.531458944082260132e-01,-6.080336868762969971e-02,-5.876251496374607086e-03,-3.194592595100402832e-01,-6.411191821098327637e-02,2.197062969207763672e-01,-1.070236042141914368e-01,-3.464223118498921394e-05,1.047693286091089249e-02,-1.733992844820022583e-01
-3.297351067885756493e-03,-2.596621215343475342e-02,-3.374816775321960449e-01,-5.953500866889953613e-01,6.195262819528579712e-02,4.920395314693450928e-01,-2.671184539794921875e-01,5.608243402093648911e-03,1.294218054681550711e-05,2.068668045103549957e-02
-1.502793133258819580e-01,-7.414098829030990601e-02,-2.336299046874046326e-02,-3.033840954303741455e-01,-8.094560354948043823e-02,2.180951833724975586e-01,-9.858760982751846313e-02,-6.262108399823773652e-06,1.586280204355716705e-02,-1.747487932443618774e-01
-1.541305780410766602e-01,-6.096966937184333801e-02,-7.241606712341308594e-03,-3.174554407596588135e-01,-6.475976109504699707e-02,2.194401919841766357e-01,-1.068811416625976562e-01,4.222405095788417384e-06,1.060816552489995956e-02,-1.736064404249191284e-01
-3.586093196645379066e-03,-4.008651077747344971e-01,-6.522227823734283447e-02,-4.126563370227813721e-01,3.794668242335319519e-03,3.759879767894744873e-01,-1.420834064483642578e-01,1.621807750780135393e-04,2.061935141682624817e-02,-4.927047714591026306e-02
1.171880867332220078e-03,3.687516727950423956e-04,-3.105760216712951660e-01,-4.979575872421264648e-01,5.642895027995109558e-02,3.717269897460937500e-01,1.973936741705983877e-05,-4.324294626712799072e-02,2.104599843733012676e-06,-2.483906224370002747e-02
-1.543333381414413452e-01,-6.177534908056259155e-02,-7.380673661828041077e-03,-3.167153298854827881e-01,-6.523431837558746338e-02,2.195385247468948364e-01,-1.067280471324920654e-01,3.929427475668489933e-05,1.020598597824573517e-02,-1.737311929464340210e-01
-1.506797224283218384e-01,-3.185072541236877441e-02,-1.179488375782966614e-03,-3.567489981651306152e-01,-4.532129317522048950e-02,2.385559082031250000e-01,-1.115032210946083069e-01,-4.352468749857507646e-06,2.556704916059970856e-02,-1.373674720525741577e-01
9.217294064001180232e-06,-9.247777052223682404e-03,-3.536101877689361572e-01,-6.050322055816650391e-01,5.630246177315711975e-02,4.896765351295471191e-01,-2.698894143104553223e-01,5.183863453567028046e-03,-4.556895510177128017e-05,1.696728169918060303e-02
4.174039349891245365e-04,1.911911567731294781e-05,-3.434626758098602295e-01,-4.971433579921722412e-01,4.333841800689697266e-02,3.736008405685424805e-01,2.529293484985828400e-02,-3.559175133705139160e-02,-4.988980435882695019e-05,-2.296788431704044342e-02
-4.187553189694881439e-03,-4.040259718894958496e-01,-6.681287288665771484e-02,-4.083438515663146973e-01,2.999319927766919136e-03,3.761922419071197510e-01,-1.421295553445816040e-01,6.667260095127858222e-06,2.019679173827171326e-02,-4.944107308983802795e-02
-1.388129931001458317e-05,-9.613499045372009277e-03,-3.534597456455230713e-01,-6.048533320426940918e-01,5.649532377719879150e-02,4.895373880863189697e-01,-2.696730196475982666e-01,5.395690444856882095e-03,2.858483640011399984e-06,1.695012487471103668e-02
-1.529113948345184326e-01,-6.082741543650627136e-02,-5.503249820321798325e-03,-3.198204040527343750e-01,-6.402291357517242432e-02,2.197732180356979370e-01,-1.071976572275161743e-01,2.785557262541260570e-05,1.034493092447519302e-02,-1.733163744211196899e-01
-1.531151533126831055e-01,-6.580911576747894287e-02,-7.219057064503431320e-03,-3.146309852600097656e-01,-6.568223237991333008e-02,2.192273437976837158e-01,-1.064447090029716492e-01,-1.641295239096507430e-05,1.006744150072336197e-02,-1.737405657768249512e-01
-1.523312628269195557e-01,-6.093898043036460876e-02,-5.709293764084577560e-03,-3.200807869434356689e-01,-6.399016082286834717e-02,2.198097556829452515e-01,-1.075973212718963623e-01,1.145165697380434722e-05,1.010630745440721512e-02,-1.732414513826370239e-01
-6.667873094556853175e-05,-4.535480402410030365e-03,-3.556125760078430176e-01,-6.087474822998046875e-01,5.591437965631484985e-02,4.890587925910949707e-01,-2.700294554233551025e-01,5.483463406562805176e-03,3.589157859096303582e-05,1.630251482129096985e-02
-1.699193567037582397e-01,-6.830526888370513916e-02,-3.114020219072699547e-04,-3.059345483779907227e-01,-7.607737928628921509e-02,2.137487679719924927e-01,-1.097282394766807556e-01,6.239919457584619522e-05,1.428705081343650818e-02,-1.755715459585189819e-01
-5.289587192237377167e-03,-1.844004436861723661e-04,-1.516929566860198975e-01,-4.996441304683685303e-01,1.339832306257449090e-05,3.205235004425048828e-01,-8.479067683219909668e-02,3.375465530552901328e-05,7.089799642562866211e-02,-1.197726372629404068e-02
-1.577649265527725220e-01,-6.604930758476257324e-02,-1.509081199765205383e-02,-3.060832917690277100e-01,-7.654979825019836426e-02,2.169653326272964478e-01,-1.068704575300216675e-01,1.551601599203422666e-05,9.984928183257579803e-03,-1.780212223529815674e-01
-3.597883507609367371e-03,-4.005594849586486816e-01,-6.513141840696334839e-02,-4.128718078136444092e-01,3.873057896271348000e-03,3.760203123092651367e-01,-1.423191726207733154e-01,4.345624802226666361e-06,2.038813941180706024e-02,-4.918142408132553101e-02
-1.540954858064651489e-01,-6.575129181146621704e-02,-7.555215153843164444e-03,-3.134757578372955322e-01,-6.662233918905258179e-02,2.196257114410400391e-01,-1.075934767723083496e-01,-1.811615038604941219e-05,8.902633562684059143e-03,-1.738413572311401367e-01
-1.540720462799072266e-01,-6.100311875343322754e-02,-7.245658431202173233e-03,-3.174147009849548340e-01,-6.477454304695129395e-02,2.194797247648239136e-01,-1.070224791765213013e-01,5.080935079604387283e-05,1.049211341887712479e-02,-1.736253499984741211e-01
5.060879630036652088e-06,-8.668502792716026306e-03,-3.540232479572296143e-01,-6.054319143295288086e-01,5.650386959314346313e-02,4.894744157791137695e-01,-2.700332701206207275e-01,5.372756160795688629e-03,5.329317718860693276e-05,1.669351570308208466e-02
-1.531403511762619019e-01,-6.062105670571327209e-02,-5.968065932393074036e-03,-3.194124102592468262e-01,-6.413529068231582642e-02,2.196525633335113525e-01,-1.072272807359695435e-01,5.318079274729825556e-06,1.043373625725507736e-02,-1.735058873891830444e-01
1.205900101922452450e-03,3.294304406153969467e-05,-3.108539879322052002e-01,-4.979647397994995117e-01,5.654054135084152222e-02,3.715980350971221924e-01,2.743345103226602077e-04,-4.284035414457321167e-02,6.050731826690025628e-06,-2.446135506033897400e-02
-1.540925651788711548e-01,-6.575562804937362671e-02,-7.562458980828523636e-03,-3.134481906890869141e-01,-6.661051511764526367e-02,2.196966558694839478e-01,-1.077334508299827576e-01,-2.870172829716466367e-05,8.737597614526748657e-03,-1.738344281911849976e-01
-1.532976180315017700e-01,-6.483997404575347900e-02,-7.985673844814300537e-03,-3.152278959751129150e-01,-6.707301735877990723e-02,2.189444154500961304e-01,-1.060606688261032104e-01,2.639910962898284197e-05,9.739419445395469666e-03,-1.744678318500518799e-01
-1.531490087509155273e-01,-6.528142839670181274e-02,-7.505563087761402130e-03,-3.148363828659057617e-01,-6.573361158370971680e-02,2.192097157239913940e-01,-1.065955311059951782e-01,-1.450776198907988146e-05,1.008580811321735382e-02,-1.737361252307891846e-01
-3.596353344619274139e-03,-4.011287987232208252e-01,-6.486250460147857666e-02,-4.127202928066253662e-01,3.753265831619501114e-03,3.760393559932708740e-01,-1.422092169523239136e-01,5.742055509472265840e-05,2.034007385373115540e-02,-4.925855621695518494e-02
-2.128336280584335327e-01,-7.295037806034088135e-02,-2.265540970256552100e-04,-2.695271968841552734e-01,-1.144085973501205444e-01,1.999274790287017822e-01,-9.895673394203186035e-02,9.070365194929763675e-06,1.788636110723018646e-02,-1.959088146686553955e-01
-1.531497538089752197e-01,-6.528943032026290894e-02,-7.507417816668748856e-03,-3.148315548896789551e-01,-6.573560088872909546e-02,2.192144542932510376e-01,-1.065657883882522583e-01,7.290544090210460126e-06,1.011689007282257080e-02,-1.737475395202636719e-01
-6.593497097492218018e-02,1.361069553240668029e-05,-4.936668872833251953e-01,-4.474516510963439941e-01,1.168507616966962814e-02,3.581626415252685547e-01,2.944830060005187988e-01,-2.817969070747494698e-04,2.393757677054964006e-05,-4.208033531904220581e-02
-1.533011794090270996e-01,-6.095327809453010559e-02,-6.223569158464670181e-03,-3.188508152961730957e-01,-6.439514458179473877e-02,2.195847481489181519e-01,-1.073691621422767639e-01,4.140005330555140972e-05,1.025285199284553528e-02,-1.735221147537231445e-01
-1.475804001092910767e-01,-6.838317960500717163e-02,-2.330685034394264221e-02,-3.110568821430206299e-01,-7.412201166152954102e-02,2.240954637527465820e-01,-9.738195687532424927e-02,-2.180392766604200006e-05,2.094946056604385376e-02,-1.659813672304153442e-01
-1.532153338193893433e-01,-6.516826897859573364e-02,-7.389007136225700378e-03,-3.149904608726501465e-01,-6.572223454713821411e-02,2.191792279481887817e-01,-1.064274758100509644e-01,1.999903906835243106e-05,1.016596239060163498e-02,-1.737188994884490967e-01
-1.537267565727233887e-01,-6.058267131447792053e-02,-6.309991702437400818e-03,-3.187991082668304443e-01,-6.438715010881423950e-02,2.196007221937179565e-01,-1.071094349026679993e-01,6.277526154008228332e-06,1.049186103045940399e-02,-1.735018044710159302e-01
-3.674339503049850464e-03,-8.443218393949791789e-05,-1.638350039720535278e-01,-4.960202574729919434e-01,-6.392872310243546963e-04,3.236262202262878418e-01,-8.358576148748397827e-02,-4.807559889741241932e-05,6.988409906625747681e-02,-1.108041126281023026e-02
-3.516529686748981476e-03,-4.008885025978088379e-01,-6.497776508331298828e-02,-4.128432869911193848e-01,3.756798570975661278e-03,3.760188817977905273e-01,-1.421414464712142944e-01,4.466341124498285353e-06,2.042357809841632843e-02,-4.926746711134910583e-02
-2.014220952987670898e-01,-6.557481735944747925e-02,-3.888649189320858568e-06,-2.832130193710327148e-01,-9.576030820608139038e-02,1.995508670806884766e-01,-1.066354960203170776e-01,5.604168109130114317e-06,1.712685078382492065e-02,-1.898295879364013672e-01
-3.847533080261200666e-04,-4.394412040710449219e-01,-4.011834412813186646e-02,-3.990765810012817383e-01,6.099299527704715729e-03,3.773044347763061523e-01,-1.402201652526855469e-01,3.015920265170279890e-05,1.979291066527366638e-02,-4.606460034847259521e-02
-6.592719256877899170e-02,-2.366844637435860932e-05,-4.953995645046234131e-01,-4.466373920440673828e-01,1.112813409417867661e-02,3.583146333694458008e-01,2.946013212203979492e-01,-1.865455706138163805e-04,1.817326301534194499e-05,-4.255907237529754639e-02
-1.330387145280838013e-01,-1.017078831791877747e-01,-7.436741888523101807e-02,-2.698742449283599854e-01,-1.493000686168670654e-01,2.274995446205139160e-01,-7.162900269031524658e-02,4.859757609665393829e-05,5.387609079480171204e-02,-1.809133440256118774e-01
-1.229651272296905518e-02,-4.424971640110015869e-01,-5.081212893128395081e-02,-3.808608651161193848e-01,9.080355986952781677e-03,3.853934705257415771e-01,-1.628152728080749512e-01,-2.712497553147841245e-05,1.025818753987550735e-02,-4.596543684601783752e-02
-3.658124245703220367e-03,-3.998620212078094482e-01,-6.530836969614028931e-02,-4.134040772914886475e-01,3.791758557781577110e-03,3.761162459850311279e-01,-1.426026374101638794e-01,3.743649358511902392e-06,2.012176066637039185e-02,-4.921940714120864868e-02
-1.536947637796401978e-01,-6.051679700613021851e-02,-6.506748031824827194e-03,-3.186631500720977783e-01,-6.445004791021347046e-02,2.196583300828933716e-01,-1.073415428400039673e-01,-1.028743463393766433e-05,1.023983024060726166e-02,-1.735000461339950562e-01
-1.551997512578964233e-01,-6.186308711767196655e-02,-8.142387494444847107e-03,-3.153433501720428467e-01,-6.568717956542968750e-02,2.193380594253540039e-01,-1.067932471632957458e-01,-1.612288178876042366e-05,1.015632785856723785e-02,-1.736648529767990112e-01
-1.532727330923080444e-01,-6.523617357015609741e-02,-7.724073715507984161e-03,-3.139915466308593750e-01,-6.669320911169052124e-02,2.199126631021499634e-01,-1.085691452026367188e-01,-1.717417580948676914e-05,9.964786469936370850e-03,-1.733413934707641602e-01
-1.549044996500015259e-01,-6.126329302787780762e-02,-7.411020807921886444e-03,-3.164882063865661621e-01,-6.527252495288848877e-02,2.195770740509033203e-01,-1.066670119762420654e-01,1.618436544958967716e-05,1.042951364070177078e-02,-1.737374365329742432e-01
-8.230657549574971199e-04,-4.392578005790710449e-01,-4.016458243131637573e-02,-3.990961313247680664e-01,6.297094747424125671e-03,3.773668110370635986e-01,-1.399175524711608887e-01,2.577443592599593103e-05,1.978865265846252441e-02,-4.620415344834327698e-02
-1.543223410844802856e-01,-6.548722833395004272e-02,-7.962337695062160492e-03,-3.133566975593566895e-01,-6.652498990297317505e-02,2.193091213703155518e-01,-1.073864772915840149e-01,-1.376773980155121535e-05,8.867427706718444824e-03,-1.738048642873764038e-01
6.437513511627912521e-04,-1.857289862527977675e-05,-3.148033022880554199e-01,-4.949255585670471191e-01,5.545720085501670837e-02,3.712670803070068359e-01,1.128174408222548664e-04,-4.328685253858566284e-02,5.207889262237586081e-05,-2.467137761414051056e-02
-4.307379946112632751e-03,-4.034807384014129639e-01,-6.698098778724670410e-02,-4.084518551826477051e-01,2.888781484216451645e-03,3.761180043220520020e-01,-1.421976387500762939e-01,-2.606369525892660022e-05,2.034976705908775330e-02,-4.951903596520423889e-02
-2.389490306377410889e-01,-9.617270529270172119e-02,-1.133176629082299769e-04,-2.260866463184356689e-01,-1.298209130764007568e-01,1.903027743101119995e-01,-9.812043607234954834e-02,6.251426384551450610e-06,1.880932226777076721e-02,-1.973345726728439331e-01
-1.540854722261428833e-01,-6.097541749477386475e-02,-7.235445547848939896e-03,-3.174118995666503906e-01,-6.480316072702407837e-02,2.194548249244689941e-01,-1.070848256349563599e-01,1.214884832734242082e-07,1.047304924577474594e-02,-1.736494451761245728e-01
-2.340837847441434860e-03,-3.232009767089039087e-04,-1.639107614755630493e-01,-4.959188401699066162e-01,-5.632460670312866569e-05,3.237673640251159668e-01,-8.377394080162048340e-02,-2.582927118055522442e-05,6.996095180511474609e-02,-1.105512212961912155e-02
2.954489900730550289e-06,-3.954778909683227539e-01,-9.361184388399124146e-02,-4.113056361675262451e-01,2.242712525912793353e-06,3.922623991966247559e-01,-1.313787251710891724e-01,3.336370355100370944e-05,1.512539200484752655e-02,-5.093191564083099365e-02
-7.449813710991293192e-05,-4.370303153991699219e-01,-4.328443482518196106e-02,-3.960765600204467773e-01,4.145646933466196060e-03,3.759081065654754639e-01,-1.408130228519439697e-01,1.537341086077503860e-05,2.226770296692848206e-02,-4.474502056837081909e-02
-1.490015685558319092e-01,-5.795711278915405273e-02,-9.685616008937358856e-03,-3.262992501258850098e-01,-6.228185817599296570e-02,2.251681983470916748e-01,-1.043148264288902283e-01,5.216438694333191961e-06,1.614776626229286194e-02,-1.642027497291564941e-01
-3.566643223166465759e-02,-6.745146214962005615e-02,-5.888086557388305664e-02,-7.105159163475036621e-01,1.333008110523223877e-01,3.984512090682983398e-01,-2.569162249565124512e-01,5.184507463127374649e-04,1.264220736629795283e-05,-1.704495225567370653e-04
-1.531772464513778687e-01,-6.514894217252731323e-02,-7.378953043371438980e-03,-3.148865103721618652e-01,-6.578250974416732788e-02,2.192446291446685791e-01,-1.067615523934364319e-01,-2.134944952558726072e-05,9.980436414480209351e-03,-1.737889796495437622e-01
-3.555695293471217155e-03,-4.011438488960266113e-01,-6.491672247648239136e-02,-4.127111136913299561e-01,3.600218333303928375e-03,3.760440647602081299e-01,-1.422680914402008057e-01,1.530458393972367048e-05,2.018294483423233032e-02,-4.925507307052612305e-02
-1.378025044687092304e-03,-4.969186848029494286e-04,-1.644531488418579102e-01,-4.968299269676208496e-01,-6.452002708101645112e-06,3.240621089935302734e-01,-8.368991315364837646e-02,5.560445788432843983e-05,6.975305825471878052e-02,-1.098525337874889374e-02
-6.600500643253326416e-02,-6.708820365020073950e-06,-4.947392046451568604e-01,-4.471284747123718262e-01,1.118867658078670502e-02,3.584847748279571533e-01,2.944763898849487305e-01,-2.671924594324082136e-04,-5.059973409515805542e-05,-4.267718270421028137e-02
-1.530159860849380493e-01,-6.398375332355499268e-02,-6.847806740552186966e-03,-3.163921833038330078e-01,-6.504938006401062012e-02,2.192250341176986694e-01,-1.066802665591239929e-01,1.751019044604618102e-05,1.025082729756832123e-02,-1.736237257719039917e-01
-1.530528366565704346e-01,-6.122649088501930237e-02,-6.013088859617710114e-03,-3.191076815128326416e-01,-6.436821818351745605e-02,2.196162641048431396e-01,-1.070981547236442566e-01,6.233121894183568656e-06,1.044774428009986877e-02,-1.734678745269775391e-01
-1.528402566909790039e-01,-6.106086075305938721e-02,-5.541603080928325653e-03,-3.197416067123413086e-01,-6.393498182296752930e-02,2.197564691305160522e-01,-1.073517352342605591e-01,1.728651113808155060e-05,1.015103235840797424e-02,-1.732491552829742432e-01
-1.013317669276148081e-04,-6.279926747083663940e-03,-3.547049462795257568e-01,-6.070044636726379395e-01,5.633146315813064575e-02,4.893071651458740234e-01,-2.700710296630859375e-01,5.457678344100713730e-03,3.557347372407093644e-05,1.635896041989326477e-02
-1.643475115997716784e-04,-4.396342337131500244e-01,-3.981873393058776855e-02,-3.990068733692169189e-01,6.365159992128610611e-03,3.774726390838623047e-01,-1.400892883539199829e-01,1.674222403380554169e-05,1.965008117258548737e-02,-4.596538469195365906e-02
-6.701156497001647949e-02,5.481348125613294542e-06,-4.885453283786773682e-01,-4.502232968807220459e-01,1.318875700235366821e-02,3.582320809364318848e-01,2.947870492935180664e-01,-2.987981424666941166e-04,-2.394217517576180398e-06,-4.204183444380760193e-02
-1.364500075578689575e-01,-9.457350522279739380e-02,-6.917943805456161499e-02,-2.802886664867401123e-01,-1.165743246674537659e-01,2.213410884141921997e-01,-7.632061839103698730e-02,1.116803468903526664e-05,4.258556291460990906e-02,-1.638148128986358643e-01
-3.751851618289947510e-03,-4.022679030895233154e-01,-6.529939919710159302e-02,-4.110306203365325928e-01,3.441921900957822800e-03,3.759289383888244629e-01,-1.418092399835586548e-01,-2.823757131409365684e-05,2.086980454623699188e-02,-4.927207529544830322e-02
-3.582329489290714264e-03,-3.896322741638869047e-04,-1.633780449628829956e-01,-4.959485530853271484e-01,3.791206381720257923e-06,3.234851062297821045e-01,-8.325684070587158203e-02,1.495946344221010804e-05,6.960237771272659302e-02,-1.120032928884029388e-02
-6.320548802614212036e-02,5.527909706870559603e-06,-5.092126727104187012e-01,-4.416548013687133789e-01,3.475838340818881989e-03,3.576862812042236328e-01,2.913541495800018311e-01,-1.290548243559896946e-04,2.243657763756345958e-05,-4.696854576468467712e-02
-1.008412218652665615e-03,-4.385645091533660889e-01,-3.813049197196960449e-02,-4.006625711917877197e-01,6.662039551883935928e-03,3.773274719715118408e-01,-1.397460699081420898e-01,5.467786468216218054e-05,2.011059783399105072e-02,-4.521690681576728821e-02
-3.560445969924330711e-03,-4.013133645057678223e-01,-6.474603712558746338e-02,-4.126737117767333984e-01,3.844676073640584946e-03,3.760535717010498047e-01,-1.420913040637969971e-01,4.168404484516941011e-05,2.047833241522312164e-02,-4.919195175170898438e-02
-6.602384150028228760e-02,1.256338236998999491e-05,-4.955843687057495117e-01,-4.461500644683837891e-01,1.063559483736753464e-02,3.586244583129882812e-01,2.942136526107788086e-01,-4.001797933597117662e-04,-1.744900873745791614e-05,-4.269372299313545227e-02
-1.541114747524261475e-01,-6.573991477489471436e-02,-7.553574163466691971e-03,-3.134915232658386230e-01,-6.658812612295150757e-02,2.196718156337738037e-01,-1.076475456357002258e-01,8.099223123281262815e-06,8.834289386868476868e-03,-1.738434284925460815e-01
-6.517960131168365479e-02,-9.926689926942344755e-06,-4.918523430824279785e-01,-4.496223032474517822e-01,1.104861684143543243e-02,3.583957552909851074e-01,2.941587865352630615e-01,-1.337401772616431117e-04,5.380430593504570425e-06,-4.245023056864738464e-02
-3.556102747097611427e-03,-4.011011719703674316e-01,-6.492257863283157349e-02,-4.126519262790679932e-01,3.697617910802364349e-03,3.760955631732940674e-01,-1.423925906419754028e-01,5.135454557603225112e-05,2.018055692315101624e-02,-4.918368533253669739e-02
-3.962756600230932236e-04,-5.272093767416663468e-05,-1.652221679687500000e-01,-4.969047605991363525e-01,-2.783324271149467677e-05,3.235406279563903809e-01,-8.345140516757965088e-02,-8.273706043837592006e-06,7.005352526903152466e-02,-1.082625053822994232e-02
-6.659001111984252930e-02,5.380023503676056862e-05,-4.950207769870758057e-01,-4.467835128307342529e-01,1.118417736142873764e-02,3.582387566566467285e-01,2.943622767925262451e-01,-5.524531588889658451e-04,-6.910669071658048779e-06,-4.263911768794059753e-02
1.403907081112265587e-03,1.074523606803268194e-04,-3.158201873302459717e-01,-4.957209527492523193e-01,5.487189814448356628e-02,3.708460927009582520e-01,2.887857772293500602e-05,-4.350987076759338379e-02,1.416278828401118517e-04,-2.368240803480148315e-02
-4.311345037422142923e-05,-8.195621892809867859e-03,-3.540370166301727295e-01,-6.056479215621948242e-01,5.639882758259773254e-02,4.892995357513427734e-01,-2.698000967502593994e-01,5.402131006121635437e-03,1.318517388426698744e-05,1.671167090535163879e-02
-1.542053222656250000e-01,-6.084628775715827942e-02,-7.218833081424236298e-03,-3.175721466541290283e-01,-6.475944817066192627e-02,2.194427549839019775e-01,-1.069734767079353333e-01,-2.284228685311973095e-06,1.056204549968242645e-02,-1.735793799161911011e-01
-9.079467272385954857e-04,-1.994118247239384800e-05,-1.647897064685821533e-01,-4.971442222595214844e-01,-1.753948890836909413e-05,3.240940868854522705e-01,-8.407759666442871094e-02,2.458125709381420165e-05,6.981664150953292847e-02,-1.084115076810121536e-02
-3.593371948227286339e-03,-4.011336863040924072e-01,-6.475222855806350708e-02,-4.127829074859619141e-01,3.819012083113193512e-03,3.760760724544525146e-01,-1.421056240797042847e-01,4.746839476865716279e-05,2.051273174583911896e-02,-4.920384287834167480e-02
-1.544233113527297974e-01,-5.894958972930908203e-02,-6.435329094529151917e-03,-3.193934857845306396e-01,-6.387183070182800293e-02,2.207367569208145142e-01,-1.071600392460823059e-01,2.336476609343662858e-05,1.099485438317060471e-02,-1.722177118062973022e-01
1.453906064853072166e-03,6.017399937263689935e-05,-3.111692070960998535e-01,-4.980692863464355469e-01,5.687589570879936218e-02,3.712308704853057861e-01,-5.260202215140452608e-06,-4.287700727581977844e-02,-2.952214163087774068e-05,-2.461967058479785919e-02
-1.523399800062179565e-01,-6.080215796828269958e-02,-5.700625013560056686e-03,-3.201631605625152588e-01,-6.392087787389755249e-02,2.198770493268966675e-01,-1.075215414166450500e-01,3.410051795071922243e-05,1.012338977307081223e-02,-1.732398271560668945e-01
-2.355773234739899635e-03,6.526166544063016772e-06,-1.643010228872299194e-01,-4.959380030632019043e-01,-2.927951936726458371e-05,3.237240910530090332e-01,-8.361557126045227051e-02,-4.688882108894176781e-05,6.968370825052261353e-02,-1.119931321591138840e-02
-3.533351467922329903e-03,-4.014682173728942871e-01,-6.473563611507415771e-02,-4.126050174236297607e-01,3.806482302024960518e-03,3.760161697864532471e-01,-1.419979780912399292e-01,2.418381700408644974e-05,2.050304412841796875e-02,-4.922021180391311646e-02
-3.468809300102293491e-04,-4.398256540298461914e-01,-4.020711779594421387e-02,-3.983697593212127686e-01,6.216136738657951355e-03,3.774223327636718750e-01,-1.402175724506378174e-01,2.394779585301876068e-05,1.983464881777763367e-02,-4.594676569104194641e-02
-2.067790180444717407e-01,-5.206043273210525513e-02,-4.193670974927954376e-05,-2.890396416187286377e-01,-8.680781722068786621e-02,1.978581249713897705e-01,-1.132362261414527893e-01,1.234559113072464243e-05,2.288773283362388611e-02,-1.829961538314819336e-01
-3.563576610758900642e-03,-4.011260867118835449e-01,-6.494338810443878174e-02,-4.127077460289001465e-01,3.581907134503126144e-03,3.760693371295928955e-01,-1.422492712736129761e-01,-2.440858224872499704e-06,2.022222615778446198e-02,-4.925967380404472351e-02
-5.301919300109148026e-03,-3.086598007939755917e-05,-1.629112511873245239e-01,-4.944545328617095947e-01,1.181860284305003006e-06,3.233428299427032471e-01,-8.380618691444396973e-02,-3.726015711436048150e-05,6.989608705043792725e-02,-1.102729607373476028e-02
1.393353159073740244e-05,-4.428139328956604004e-01,-4.036098346114158630e-02,-3.949437439441680908e-01,6.532766856253147125e-03,3.776761293411254883e-01,-1.405138224363327026e-01,-2.607945134514011443e-05,2.018053457140922546e-02,-4.570010676980018616e-02
-2.158537041395902634e-03,-6.500483141280710697e-05,-1.642087548971176147e-01,-4.958969056606292725e-01,-2.303943620063364506e-05,3.235606551170349121e-01,-8.369287103414535522e-02,-9.459199645789340138e-06,6.998009979724884033e-02,-1.069549750536680222e-02
-6.268710130825638771e-04,-4.399102330207824707e-01,-3.959339484572410583e-02,-3.993758559226989746e-01,6.122917868196964264e-03,3.774974048137664795e-01,-1.399773061275482178e-01,2.219900852651335299e-05,1.923918910324573517e-02,-4.586483538150787354e-02
-6.657370924949645996e-02,1.440483447368023917e-05,-4.927234947681427002e-01,-4.479944109916687012e-01,1.223857328295707703e-02,3.585996031761169434e-01,2.953323423862457275e-01,-1.002568169496953487e-04,-7.040416676318272948e-07,-4.217962175607681274e-02
-3.587699728086590767e-03,-4.013337790966033936e-01,-6.475099921226501465e-02,-4.126777052879333496e-01,3.829801455140113831e-03,3.760382831096649170e-01,-1.420683115720748901e-01,-2.219488669652491808e-05,2.046602591872215271e-02,-4.921157658100128174e-02
-1.566964536905288696e-01,-6.306754797697067261e-02,-8.683428168296813965e-03,-3.127896785736083984e-01,-6.968659907579421997e-02,2.181295454502105713e-01,-1.081089079380035400e-01,6.884214599267579615e-06,1.047256775200366974e-02,-1.756220757961273193e-01
-1.245455536991357803e-02,-4.275133311748504639e-01,-7.489325106143951416e-02,-3.799342215061187744e-01,7.855230011045932770e-03,3.896746039390563965e-01,-1.659267544746398926e-01,2.380668956902809441e-05,9.768861345946788788e-03,-4.745751991868019104e-02
-3.527350723743438721e-03,-4.008904993534088135e-01,-6.512342393398284912e-02,-4.125485122203826904e-01,3.676437772810459137e-03,3.759264051914215088e-01,-1.421714127063751221e-01,4.692725997301749885e-05,2.051862142980098724e-02,-4.922264441847801208e-02
-3.587813815101981163e-03,-4.010292887687683105e-01,-6.512463092803955078e-02,-4.125769138336181641e-01,3.566025989130139351e-03,3.759464621543884277e-01,-1.419555991888046265e-01,1.895924106065649539e-05,2.061046846210956573e-02,-4.924523830413818359e-02
-3.650376340374350548e-03,-4.071284532546997070e-01,-5.947973951697349548e-02,-4.111770391464233398e-01,5.091562867164611816e-03,3.765801191329956055e-01,-1.413263678550720215e-01,1.736926787998527288e-05,2.043757215142250061e-02,-4.889396205544471741e-02
2.498359390301629901e-05,1.796685683075338602e-04,-3.179951608180999756e-01,-4.921471476554870605e-01,5.381858721375465393e-02,3.719220459461212158e-01,1.943151437444612384e-05,-4.435321316123008728e-02,1.271460059797391295e-04,-2.565932832658290863e-02
-3.721122338902205229e-04,-4.391334056854248047e-01,-4.011430218815803528e-02,-3.992034792900085449e-01,6.391556467860937119e-03,3.773840963840484619e-01,-1.401772648096084595e-01,1.213211944559589028e-04,1.976835168898105621e-02,-4.613956063985824585e-02
-6.616012006998062134e-02,-8.380757208215072751e-07,-4.935055077075958252e-01,-4.477681517601013184e-01,1.168637070804834366e-02,3.585829138755798340e-01,2.948843836784362793e-01,-4.927858753944747150e-05,-6.854439561720937490e-06,-4.218944907188415527e-02
2.676223870366811752e-03,1.173224300146102905e-03,-3.196341693401336670e-01,-4.949127733707427979e-01,5.408146977424621582e-02,3.721401393413543701e-01,1.654839608818292618e-03,-4.194135963916778564e-02,-1.338219408353324980e-05,-2.578159794211387634e-02
-3.618072019889950752e-03,-4.011847376823425293e-01,-6.476084142923355103e-02,-4.127463102340698242e-01,3.833193564787507057e-03,3.761344254016876221e-01,-1.420094221830368042e-01,5.002758553018793464e-05,2.050424367189407349e-02,-4.941123351454734802e-02
1.585457357577979565e-04,3.786166780628263950e-05,-3.107424080371856689e-01,-4.971400499343872070e-01,5.624393746256828308e-02,3.716026246547698975e-01,5.530504040507366881e-06,-4.313646256923675537e-02,2.599588697194121778e-06,-2.454788424074649811e-02
-2.356385812163352966e-03,-5.868249354534782469e-05,-1.642615199089050293e-01,-4.962817132472991943e-01,-2.082631181110627949e-05,3.239776492118835449e-01,-8.377225697040557861e-02,-2.033834061876405030e-05,6.952638179063796997e-02,-1.114231068640947342e-02
-3.291353350505232811e-03,-1.924569551192689687e-05,-1.636634618043899536e-01,-4.959627091884613037e-01,2.059201142401434481e-05,3.235435783863067627e-01,-8.374352753162384033e-02,1.326095480180811137e-05,6.991820782423019409e-02,-1.110114157199859619e-02
-3.520766971632838249e-03,-4.009405374526977539e-01,-6.510817259550094604e-02,-4.124753177165985107e-01,3.607162041589617729e-03,3.760164082050323486e-01,-1.424870789051055908e-01,1.105303999793250114e-05,2.021778747439384460e-02,-4.917750135064125061e-02
-1.415609382092952728e-03,-1.646113960305228829e-04,-1.646969318389892578e-01,-4.968720078468322754e-01,3.593991277739405632e-05,3.240199685096740723e-01,-8.365658670663833618e-02,1.154546589532401413e-05,6.963009387254714966e-02,-1.105831656605005264e-02
-1.533545404672622681e-01,-6.094679981470108032e-02,-6.073698401451110840e-03,-3.189672529697418213e-01,-6.439656019210815430e-02,2.195998877286911011e-01,-1.072573363780975342e-01,-4.906240519630955532e-06,1.037553790956735611e-02,-1.735341548919677734e-01
-1.268529595108702779e-04,-4.405131638050079346e-01,-3.725258260965347290e-02,-3.987714946269989014e-01,6.598717533051967621e-03,3.775448501110076904e-01,-1.398901045322418213e-01,2.992883673869073391e-05,2.131028473377227783e-02,-4.555060714483261108e-02
-1.543801873922348022e-01,-6.178959086537361145e-02,-7.415671367198228836e-03,-3.165346086025238037e-01,-6.512828916311264038e-02,2.194068729877471924e-01,-1.067549064755439758e-01,-1.301869451708626002e-05,1.038046646863222122e-02,-1.736087799072265625e-01
-3.481606720015406609e-03,-4.010227024555206299e-01,-6.512695550918579102e-02,-4.125005900859832764e-01,3.957213368266820908e-03,3.761201202869415283e-01,-1.420016139745712280e-01,-5.346144462237134576e-06,2.073159441351890564e-02,-4.939528182148933411e-02
-1.532063335180282593e-01,-6.512102484703063965e-02,-7.333382964134216309e-03,-3.149511218070983887e-01,-6.577510386705398560e-02,2.192560732364654541e-01,-1.068190112709999084e-01,-5.625261565000982955e-06,9.892067871987819672e-03,-1.737940609455108643e-01
