PCA 1,PCA 2,mpg,cylinders,displacement,horsepower,weight,acceleration,model-year,origin,car-name
2.7411701352130877,0.9590175569187173,18.0,8,307.0,130.0,3504.0,12.0,70,1,"""chevrolet chevelle malibu"""
3.56281538857762,1.0649678518670966,15.0,8,350.0,165.0,3693.0,11.5,70,1,"""buick skylark 320"""
3.056284440211892,1.1737499696613294,18.0,8,318.0,150.0,3436.0,11.0,70,1,"""plymouth satellite"""
3.001626482621391,1.0553167851183396,16.0,8,304.0,150.0,3433.0,12.0,70,1,"""amc rebel sst"""
2.9922399505722024,1.2471876977796188,17.0,8,302.0,140.0,3449.0,10.5,70,1,"""ford torino"""
4.674118424921212,1.1348796578905151,15.0,8,429.0,198.0,4341.0,10.0,70,1,"""ford galaxie 500"""
5.154148235865094,1.3277442658779368,14.0,8,454.0,220.0,4354.0,9.0,70,1,"""chevrolet impala"""
5.074259848590233,1.4175539704754825,14.0,8,440.0,215.0,4312.0,8.5,70,1,"""plymouth fury iii"""
5.147660858181572,1.1690252796657894,14.0,8,455.0,225.0,4425.0,10.0,70,1,"""pontiac catalina"""
4.345315505518611,1.5116274209168035,15.0,8,390.0,190.0,3850.0,8.5,70,1,"""amc ambassador dpl"""
3.8292369882276263,1.303675016938492,15.0,8,383.0,170.0,3563.0,10.0,70,1,"""dodge challenger se"""
3.816793063252974,1.6317584061540644,14.0,8,340.0,160.0,3609.0,8.0,70,1,"""plymouth 'cuda 340"""
3.832418026146007,1.254541195614916,15.0,8,400.0,150.0,3761.0,9.5,70,1,"""chevrolet monte carlo"""
4.510406721361715,1.502861470848545,14.0,8,455.0,225.0,3086.0,10.0,70,1,"""buick estate wagon (sw)"""
-1.1655500230544344,2.4312926561772543,24.0,4,113.0,95.0,2372.0,15.0,70,3,"""toyota corona mark ii"""
0.6128347700769651,0.7340246683955932,22.0,6,198.0,95.0,2833.0,15.5,70,1,"""plymouth duster"""
0.8075094712142976,0.7898861290133101,18.0,6,199.0,97.0,2774.0,15.5,70,1,"""amc hornet"""
0.40159734953065584,0.6967868803357407,21.0,6,200.0,85.0,2587.0,16.0,70,1,"""ford maverick"""
-1.5178811255226587,2.540157973273298,27.0,4,97.0,88.0,2130.0,14.5,70,3,"""datsun pl510"""
-2.2744734727013785,0.9449966536282406,26.0,4,97.0,46.0,1835.0,20.5,70,2,"""volkswagen 1131 deluxe sedan"""
-1.0612919465333366,1.3085113114196667,25.0,4,110.0,87.0,2672.0,17.5,70,2,"""peugeot 504"""
-0.8195870180332094,1.8521205986701388,24.0,4,107.0,90.0,2430.0,14.5,70,2,"""audi 100 ls"""
-1.1437907962378013,1.4123268915659914,25.0,4,104.0,95.0,2375.0,17.5,70,2,"""saab 99e"""
-0.5251761493054419,2.2394290515693256,26.0,4,121.0,113.0,2234.0,12.5,70,2,"""bmw 2002"""
0.5745392473099984,0.8509612967194814,21.0,6,199.0,90.0,2648.0,15.0,70,1,"""amc gremlin"""
4.567137222304006,0.6259010168206958,10.0,8,360.0,215.0,4615.0,14.0,70,1,"""ford f250"""
3.98932749145727,0.5514237130643664,10.0,8,307.0,200.0,4376.0,15.0,70,1,"""chevy c20"""
4.234573927858667,0.7871871752034088,11.0,8,318.0,210.0,4382.0,13.5,70,1,"""dodge d200"""
3.787322802193652,-0.08355931617504855,9.0,8,304.0,193.0,4732.0,18.5,70,1,"""hi 1200d"""
-1.57590813561669,2.3549301477166167,27.0,4,97.0,88.0,2130.0,14.5,71,3,"""datsun pl510"""
-0.7722369844527752,0.8440674041437219,28.0,4,140.0,90.0,2264.0,15.5,71,1,"""chevrolet vega 2300"""
-1.2455097259870698,2.426822841244973,25.0,4,113.0,95.0,2228.0,14.0,71,3,"""toyota corona"""
-1.0822916896691621,0.4774142540387767,25.0,4,98.0,,2046.0,19.0,71,1,"""ford pinto"""
1.0370177033045183,0.9850418590884448,19.0,6,232.0,100.0,2634.0,13.0,71,1,"""amc gremlin"""
1.3521342432074914,0.4492207720727696,16.0,6,225.0,105.0,3439.0,15.5,71,1,"""plymouth satellite custom"""
1.2987034522810117,0.42381522819085843,17.0,6,250.0,100.0,3329.0,15.5,71,1,"""chevrolet chevelle malibu"""
1.0624848767707642,0.37817939248383303,19.0,6,250.0,88.0,3302.0,15.5,71,1,"""ford torino 500"""
1.157512735440424,0.44610072896085456,18.0,6,232.0,100.0,3288.0,15.5,71,1,"""amc matador"""
3.751814487839494,0.6832462801001579,14.0,8,350.0,165.0,4209.0,12.0,71,1,"""chevrolet impala"""
4.225341342731617,0.6660794358920215,14.0,8,400.0,175.0,4464.0,11.5,71,1,"""pontiac catalina brougham"""
3.461132813777537,0.43070982556649956,14.0,8,351.0,153.0,4154.0,13.5,71,1,"""ford galaxie 500"""
3.318173063885711,0.5525889907950476,14.0,8,318.0,150.0,4096.0,13.0,71,1,"""plymouth fury iii"""
4.541678456316465,0.5962248355444618,12.0,8,383.0,180.0,4955.0,11.5,71,1,"""dodge monaco (sw)"""
4.309185976217555,0.5137433219587026,13.0,8,400.0,170.0,4746.0,12.0,71,1,"""ford country squire (sw)"""
4.548514324299009,0.4296948826696347,13.0,8,400.0,175.0,5140.0,12.0,71,1,"""pontiac safari (sw)"""
1.4024554821755009,0.8331225213266593,18.0,6,258.0,110.0,2962.0,13.5,71,1,"""amc hornet sportabout (sw)"""
-0.9295820901832462,0.27302230281673384,22.0,4,140.0,72.0,2408.0,19.0,71,1,"""chevrolet vega (sw)"""
1.225378476995547,0.49421454922561153,19.0,6,250.0,100.0,3282.0,15.0,71,1,"""pontiac firebird"""
1.130518513055989,0.582003430683326,18.0,6,250.0,88.0,3139.0,14.5,71,1,"""ford mustang"""
-0.5151266688822342,1.14177287404179,23.0,4,122.0,86.0,2220.0,14.0,71,1,"""mercury capri 2000"""
-1.137599593086848,1.7731716720033484,28.0,4,116.0,90.0,2123.0,14.0,71,2,"""opel 1900"""
-2.1441234100618782,0.9068495369372506,30.0,4,79.0,70.0,2074.0,19.5,71,2,"""peugeot 304"""
-1.569620427186489,1.6856025202818994,30.0,4,88.0,76.0,2065.0,14.5,71,2,"""fiat 124b"""
-2.718903432308185,1.6796073459687408,31.0,4,71.0,65.0,1773.0,19.0,71,3,"""toyota corolla 1200"""
-2.85150097769465,1.8470277521692609,35.0,4,72.0,69.0,1613.0,18.0,71,3,"""datsun 1200"""
-2.093238279239512,1.021596304985451,27.0,4,97.0,60.0,1834.0,19.0,71,2,"""volkswagen model 111"""
-1.704545786905929,0.17038819540404007,26.0,4,91.0,70.0,1955.0,20.5,71,1,"""plymouth cricket"""
-1.3743922692923451,2.0072624634661738,24.0,4,113.0,95.0,2278.0,15.5,72,3,"""toyota corona hardtop"""
-1.1656267978633519,0.5114639890155002,25.0,4,97.5,80.0,2126.0,17.0,72,1,"""dodge colt hardtop"""
-2.2480096673237333,0.058200375476690415,23.0,4,97.0,54.0,2254.0,23.5,72,2,"""volkswagen type 3"""
-0.750112237765511,0.08017070350699114,20.0,4,140.0,90.0,2408.0,19.5,72,1,"""chevrolet vega"""
-0.7115490941973995,0.5883261838778417,21.0,4,122.0,86.0,2226.0,16.5,72,1,"""ford pinto runabout"""
3.7742265296808504,0.49097731131599953,13.0,8,350.0,165.0,4274.0,12.0,72,1,"""chevrolet impala"""
4.081664875857563,0.42353730558023556,14.0,8,400.0,175.0,4385.0,12.0,72,1,"""pontiac catalina"""
3.1811505301681584,0.2714628931906156,15.0,8,318.0,150.0,4135.0,13.5,72,1,"""plymouth fury iii"""
3.4392597935260634,0.32872532932280524,14.0,8,351.0,153.0,4129.0,13.0,72,1,"""ford galaxie 500"""
2.9978644063253643,0.693120134626752,17.0,8,304.0,150.0,3672.0,11.5,72,1,"""amc ambassador sst"""
4.902579460187137,0.6026258369867348,11.0,8,429.0,208.0,4633.0,11.0,72,1,"""mercury marquis"""
3.6349466561840638,0.17473639321508772,13.0,8,350.0,155.0,4502.0,13.5,72,1,"""buick lesabre custom"""
3.7143754907834077,0.20955217033057583,12.0,8,350.0,160.0,4456.0,13.5,72,1,"""oldsmobile delta 88 royale"""
4.256176312312361,0.3890146817974392,13.0,8,400.0,190.0,4422.0,12.5,72,1,"""chrysler newport royal"""
-1.2990255045419123,2.481634986158463,19.0,3,70.0,97.0,2330.0,13.5,72,3,"""mazda rx2 coupe"""
3.1054712485638953,0.5025784877927912,15.0,8,304.0,150.0,3892.0,12.5,72,1,"""amc matador (sw)"""
2.9631255491051123,0.17824820750945963,13.0,8,307.0,130.0,4098.0,14.0,72,1,"""chevrolet chevelle concours ("
2.9477828147673097,-0.14439758727251956,13.0,8,302.0,140.0,4294.0,16.0,72,1,"""ford gran torino (sw)"""
3.1549997354653643,0.21807741713637066,14.0,8,318.0,150.0,4077.0,14.0,72,1,"""plymouth satellite custom (sw"
-0.11509953027835204,1.4571383168263008,18.0,4,121.0,112.0,2933.0,14.5,72,2,"""volvo 145e (sw)"""
-1.2233980783900873,0.8845043513708291,22.0,4,121.0,76.0,2511.0,18.0,72,2,"""volkswagen 411 (sw)"""
-0.9853328721385097,0.578338278525914,21.0,4,120.0,87.0,2979.0,19.5,72,2,"""peugeot 504 (sw)"""
-1.7474457885575885,0.9377541734315636,26.0,4,96.0,69.0,2189.0,18.0,72,2,"""renault 12 (sw)"""
-0.6325714068978892,0.6140374125674222,22.0,4,122.0,86.0,2395.0,16.0,72,1,"""ford pinto (sw)"""
-1.8070508474208204,1.7474398379101828,28.0,4,97.0,92.0,2288.0,17.0,72,3,"""datsun 510 (sw)"""
-1.0714804955938992,2.1110210862121863,23.0,4,120.0,97.0,2506.0,14.5,72,3,"""toyouta corona mark ii (sw)"""
-1.1018424916275515,0.7819483277838216,28.0,4,98.0,80.0,2164.0,15.0,72,1,"""dodge colt (sw)"""
-1.84042043875278,1.869140285605338,27.0,4,97.0,88.0,2100.0,16.5,72,3,"""toyota corolla 1600 (sw)"""
3.6409192693269747,0.22347530290692252,13.0,8,350.0,175.0,4100.0,13.0,73,1,"""buick century 350"""
3.088350551529747,0.5353858004336733,14.0,8,304.0,150.0,3672.0,11.5,73,1,"""amc matador"""
3.2767164072148938,0.16630282994561327,13.0,8,350.0,145.0,3988.0,13.0,73,1,"""chevrolet malibu"""
2.8333859065611193,-0.0534403205412512,14.0,8,302.0,137.0,4042.0,14.5,73,1,"""ford gran torino"""
3.0488487707521337,0.32951152975825776,15.0,8,318.0,150.0,3777.0,12.5,73,1,"""dodge coronet custom"""
4.795180602318334,0.2233254811544768,12.0,8,429.0,198.0,4952.0,11.5,73,1,"""mercury marquis brougham"""
3.8516563927140575,0.15686452629101638,13.0,8,400.0,150.0,4464.0,12.0,73,1,"""chevrolet caprice classic"""
3.593918644401473,0.10850436861038545,13.0,8,351.0,158.0,4363.0,13.0,73,1,"""ford ltd"""
3.125067658957216,-0.08405160614978309,14.0,8,318.0,150.0,4237.0,14.5,73,1,"""plymouth fury gran sedan"""
4.910736803688715,0.38052171630160875,13.0,8,440.0,215.0,4735.0,11.0,73,1,"""chrysler new yorker brougham"""
5.226817563242473,0.3465089877510859,12.0,8,455.0,225.0,4951.0,11.0,73,1,"""buick electra 225 custom"""
3.740442413042229,0.5892831390623937,13.0,8,360.0,175.0,3821.0,11.0,73,1,"""amc ambassador brougham"""
0.8896256670489585,-0.014301675781075447,18.0,6,225.0,105.0,3121.0,16.5,73,1,"""plymouth valiant"""
0.9676223085470028,-0.3098126846529019,16.0,6,250.0,100.0,3278.0,18.0,73,1,"""chevrolet nova custom"""
0.8301669193233907,0.08415060466239968,18.0,6,232.0,100.0,2945.0,16.0,73,1,"""amc hornet"""
0.7660984201095511,-0.06707431312796325,18.0,6,250.0,88.0,3021.0,16.5,73,1,"""ford maverick"""
0.3749875906136449,0.0744647582753711,23.0,6,198.0,95.0,2904.0,16.0,73,1,"""plymouth duster"""
-2.441875877207069,0.2836312687008842,26.0,4,97.0,46.0,1950.0,21.0,73,2,"""volkswagen super beetle"""
4.0121216764651,-0.26573429319510744,11.0,8,400.0,150.0,4997.0,14.0,73,1,"""chevrolet impala"""
4.239641269558443,0.027041366450087975,12.0,8,400.0,167.0,4906.0,12.5,73,1,"""ford country"""
3.892857636730189,0.05937738920782582,13.0,8,360.0,170.0,4654.0,13.0,73,1,"""plymouth custom suburb"""
3.980183530890111,0.22435516373726916,12.0,8,350.0,180.0,4499.0,12.5,73,1,"""oldsmobile vista cruiser"""
0.8520275961683966,0.2770649229339109,18.0,6,232.0,100.0,2789.0,15.0,73,1,"""amc gremlin"""
-1.7069871329919206,1.3183841459655308,20.0,4,97.0,88.0,2279.0,19.0,73,3,"""toyota carina"""
-1.047515089556691,-0.1635340190859912,21.0,4,140.0,72.0,2401.0,19.5,73,1,"""chevrolet vega"""
-1.411858257223084,1.6642219049157918,22.0,4,108.0,94.0,2379.0,16.5,73,3,"""datsun 610"""
-1.4781305728737018,2.337075329581478,18.0,3,70.0,90.0,2124.0,13.5,73,3,"""maxda rx3"""
-0.8331613157359992,0.08960658141716363,19.0,4,122.0,85.0,2310.0,18.5,73,1,"""ford pinto"""
0.41255264115361867,0.5932901916654006,21.0,6,155.0,107.0,2472.0,14.0,73,1,"""mercury capri v6"""
-1.3033940056020032,1.1758387303514333,26.0,4,98.0,90.0,2265.0,15.5,73,2,"""fiat 124 sport coupe"""
3.222443924440198,0.12453798658358538,15.0,8,350.0,145.0,4082.0,13.0,73,1,"""chevrolet monte carlo s"""
4.683948995768577,0.7877188193185256,16.0,8,400.0,230.0,4278.0,9.5,73,1,"""pontiac grand prix"""
-2.5709242445636926,0.5505725415935996,29.0,4,68.0,49.0,1867.0,19.5,73,2,"""fiat 128"""
-1.3385847862395879,1.1570687042539578,24.0,4,116.0,75.0,2158.0,15.5,73,2,"""opel manta"""
-0.6368281572966341,1.3667904441274674,20.0,4,114.0,91.0,2582.0,14.0,73,2,"""audi 100ls"""
-0.34966946955897293,1.12493085306241,19.0,4,121.0,112.0,2868.0,15.5,73,2,"""volvo 144ea"""
3.013107601029307,0.6547847334764411,15.0,8,318.0,150.0,3399.0,11.0,73,1,"""dodge dart custom"""
-0.5727531831587248,1.3563245195328801,24.0,4,121.0,110.0,2660.0,14.0,73,2,"""saab 99le"""
0.13663635599945265,1.9065430902511504,20.0,6,156.0,122.0,2807.0,13.5,73,3,"""toyota mark ii"""
3.776452242512702,0.6727309821050472,11.0,8,350.0,180.0,3664.0,11.0,73,1,"""oldsmobile omega"""
0.5116535515541384,-0.20964484031256025,20.0,6,198.0,95.0,3102.0,16.5,74,1,"""plymouth duster"""
0.4122175904500514,-0.21472306402383967,21.0,6,200.0,,2875.0,17.0,74,1,"""ford maverick"""
0.7016951342717302,-0.09927174608714788,19.0,6,232.0,100.0,2901.0,16.0,74,1,"""amc hornet"""
1.0828068019803092,-0.34631564919559427,15.0,6,250.0,100.0,3336.0,17.0,74,1,"""chevrolet nova"""
-2.7559431169967543,1.0760330760798071,31.0,4,79.0,67.0,1950.0,19.0,74,3,"""datsun b210"""
-1.0302235111482272,0.09893239222370576,26.0,4,122.0,80.0,2451.0,16.5,74,1,"""ford pinto"""
-3.104713771258884,0.7910108040470974,32.0,4,71.0,65.0,1836.0,21.0,74,3,"""toyota corolla 1200"""
-0.9651055106278255,-0.02701204943322315,25.0,4,140.0,75.0,2542.0,17.0,74,1,"""chevrolet vega"""
1.2450859052190282,-0.46642645331927957,16.0,6,250.0,100.0,3781.0,17.0,74,1,"""chevrolet chevelle malibu cla"
1.213780801847527,-0.5643682319203593,16.0,6,258.0,110.0,3632.0,18.0,74,1,"""amc matador"""
1.0657502890052413,-0.32219373290005465,18.0,6,225.0,105.0,3613.0,16.5,74,1,"""plymouth satellite sebring"""
2.802607947231007,-0.19615958267476766,16.0,8,302.0,140.0,4141.0,14.0,74,1,"""ford gran torino"""
3.4647279198945142,-0.41303826844494573,13.0,8,350.0,150.0,4699.0,14.5,74,1,"""buick century luxus (sw)"""
3.2678464754051784,-0.17010850991345755,14.0,8,318.0,150.0,4457.0,13.5,74,1,"""dodge coronet custom (sw)"""
2.945940184734466,-0.6097829705831627,14.0,8,302.0,140.0,4638.0,16.0,74,1,"""ford gran torino (sw)"""
2.9243200339541433,-0.4117759139998472,14.0,8,304.0,150.0,4257.0,15.5,74,1,"""amc matador (sw)"""
-1.7004736193713963,0.80070949684283,29.0,4,98.0,83.0,2219.0,16.5,74,2,"""audi fox"""
-1.8196882886943961,1.0230718180684344,26.0,4,79.0,67.0,1963.0,15.5,74,2,"""volkswagen dasher"""
-1.3770296805373485,1.1030464891917433,26.0,4,97.0,78.0,2300.0,14.5,74,2,"""opel manta"""
-2.82641370228811,1.4971195878555783,31.0,4,76.0,52.0,1649.0,16.5,74,3,"""toyota corona"""
-2.826365261936331,1.0319182129853586,32.0,4,83.0,61.0,2003.0,19.0,74,3,"""datsun 710"""
-1.2722992466575347,0.4934784357717462,28.0,4,90.0,75.0,2125.0,14.5,74,1,"""dodge colt"""
-1.524658587741931,1.014969391635945,24.0,4,90.0,75.0,2108.0,15.5,74,2,"""fiat 128"""
-1.309583970939441,1.1626031127502305,26.0,4,116.0,75.0,2246.0,14.0,74,2,"""fiat 124 tc"""
-1.293181444679505,1.658628945505317,24.0,4,120.0,97.0,2489.0,15.0,74,3,"""honda civic"""
-1.5764512501000714,1.5905285271874205,26.0,4,108.0,93.0,2391.0,15.5,74,3,"""subaru"""
-2.097653188618448,0.8910141926235315,31.0,4,79.0,67.0,2000.0,16.0,74,2,"""fiat x1.9"""
0.7365421169046931,-0.3809291880219881,19.0,6,225.0,95.0,3264.0,16.0,75,1,"""plymouth valiant custom"""
1.0827250971123183,-0.4214995695934685,18.0,6,250.0,105.0,3459.0,16.0,75,1,"""chevrolet nova"""
0.39587902474858466,-1.2509840533767747,15.0,6,250.0,72.0,3432.0,21.0,75,1,"""mercury monarch"""
0.4096333219632224,-0.9516398742164754,15.0,6,250.0,72.0,3158.0,19.5,75,1,"""ford maverick"""
3.9394951189655183,-0.158204312495873,16.0,8,400.0,170.0,4668.0,11.5,75,1,"""pontiac catalina"""
3.1806646535741288,-0.48919412665410295,15.0,8,350.0,145.0,4440.0,14.0,75,1,"""chevrolet bel air"""
3.034219453865195,-0.537908130444085,16.0,8,318.0,150.0,4498.0,14.5,75,1,"""plymouth grand fury"""
3.4165948276555933,-0.4497908741829097,14.0,8,351.0,148.0,4657.0,13.5,75,1,"""ford ltd"""
0.8405546679085187,-1.2575432555628863,17.0,6,231.0,110.0,3907.0,21.0,75,1,"""buick century"""
1.1499262368621923,-0.8974236131334832,16.0,6,250.0,105.0,3897.0,18.5,75,1,"""chevroelt chevelle malibu"""
1.1557942588312988,-0.9188854610854545,15.0,6,258.0,110.0,3730.0,19.0,75,1,"""amc matador"""
0.7456881228892012,-0.9637214755380885,18.0,6,225.0,95.0,3785.0,19.0,75,1,"""plymouth fury"""
0.8060636092705491,-0.15366892739877827,21.0,6,231.0,110.0,3039.0,15.0,75,1,"""buick skyhawk"""
1.685484778058119,-0.1495856177837699,20.0,8,262.0,110.0,3221.0,13.5,75,1,"""chevrolet monza 2+2"""
2.508712912679548,0.16528241804794905,13.0,8,302.0,129.0,3169.0,12.0,75,1,"""ford mustang ii"""
-2.1663914817421204,1.3175617100550208,29.0,4,97.0,75.0,2171.0,16.0,75,3,"""toyota corolla"""
-0.7950530288276239,-0.19540240573332635,23.0,4,140.0,83.0,2639.0,17.0,75,1,"""ford pinto"""
0.6003506724454108,-0.2969051968347665,20.0,6,232.0,100.0,2914.0,16.0,75,1,"""amc gremlin"""
-1.013393663677225,-0.42889832630384134,23.0,4,140.0,78.0,2592.0,18.5,75,1,"""pontiac astro"""
-1.059910353633054,1.6319804706522867,24.0,4,134.0,96.0,2702.0,13.5,75,3,"""toyota corona"""
-1.7150166359931707,0.6265386316007688,25.0,4,90.0,71.0,2223.0,16.5,75,2,"""volkswagen dasher"""
-1.520774453765085,1.1525771067691495,24.0,4,119.0,97.0,2545.0,17.0,75,3,"""datsun 710"""
0.60115087440437,-0.0015676015031951612,18.0,6,171.0,97.0,2984.0,14.5,75,1,"""ford pinto"""
-1.8192503523932115,1.0434008796411984,29.0,4,90.0,70.0,1937.0,14.0,75,2,"""volkswagen rabbit"""
0.5914654613148997,-0.5441741376211152,19.0,6,232.0,90.0,3211.0,17.0,75,1,"""amc pacer"""
-0.8987334095145729,0.7970637615458345,23.0,4,115.0,95.0,2694.0,15.0,75,2,"""audi 100ls"""
-1.0182698393684826,0.397699281760007,23.0,4,120.0,88.0,2957.0,17.0,75,2,"""peugeot 504"""
-0.6265737762723558,0.8220935568063011,22.0,4,121.0,98.0,2945.0,14.5,75,2,"""volvo 244dl"""
-0.6332078770954436,1.065154942011874,25.0,4,121.0,115.0,2671.0,13.5,75,2,"""saab 99le"""
-2.939561257439736,1.0882881776569517,33.0,4,91.0,53.0,1795.0,17.5,75,3,"""honda civic cvcc"""
-1.4871426261100835,0.5302519405378401,28.0,4,107.0,86.0,2464.0,15.5,76,2,"""fiat 131"""
-1.605028706478078,0.37815315631091145,25.0,4,116.0,81.0,2220.0,16.9,76,2,"""opel 1900"""
-0.6888871541624184,-0.03328249772230249,25.0,4,140.0,92.0,2572.0,14.9,76,1,"""capri ii"""
-1.4614770318648342,-0.38201452115796275,26.0,4,98.0,79.0,2255.0,17.7,76,1,"""dodge colt"""
-1.5982558725420555,0.6341081795061393,27.0,4,101.0,83.0,2202.0,15.3,76,2,"""renault 12tl"""
2.755648104332239,-0.44832869271074766,17.5,8,305.0,140.0,4215.0,13.0,76,1,"""chevrolet chevelle malibu cla"
2.973765530640861,-0.41531498035039033,16.0,8,318.0,150.0,4190.0,13.0,76,1,"""dodge coronet brougham"""
2.436479792514833,-0.5610924229407027,15.5,8,304.0,120.0,3962.0,13.9,76,1,"""amc matador"""
3.2321859448119823,-0.4102419085422655,14.5,8,351.0,152.0,4215.0,12.8,76,1,"""ford gran torino"""
0.624727496632668,-0.47932651924456215,22.0,6,225.0,100.0,3233.0,15.4,76,1,"""plymouth valiant"""
0.9203890596570982,-0.38592655183739133,22.0,6,250.0,105.0,3353.0,14.5,76,1,"""chevrolet nova"""
-0.08803228083065412,-0.8058129091720597,24.0,6,200.0,81.0,3012.0,17.6,76,1,"""ford maverick"""
0.2425451151554528,-0.8224761614407607,22.5,6,232.0,90.0,3085.0,17.6,76,1,"""amc hornet"""
-2.4790950774132017,-1.1090067855451027,29.0,4,85.0,52.0,2035.0,22.2,76,1,"""chevrolet chevette"""
-2.050289413681761,-1.0771654746181683,24.5,4,98.0,60.0,2164.0,22.1,76,1,"""chevrolet woody"""
-1.896498137937483,0.8273688977975797,29.0,4,90.0,70.0,1937.0,14.2,76,2,"""vw rabbit"""
-2.9879778798086467,0.9184624302437384,33.0,4,91.0,53.0,1795.0,17.4,76,3,"""honda civic"""
0.7016310528063469,-0.9194600556211234,20.0,6,225.0,100.0,3651.0,17.7,76,1,"""dodge aspen se"""
0.31909921875663966,-1.4820892539463644,18.0,6,250.0,78.0,3574.0,21.0,76,1,"""ford granada ghia"""
1.1210625332248356,-0.6743041901709882,18.5,6,250.0,110.0,3645.0,16.2,76,1,"""pontiac ventura sj"""
0.6783129730482178,-0.8508640896239584,17.5,6,258.0,95.0,3193.0,17.8,76,1,"""amc pacer d/l"""
-1.7439145031385805,1.1533329866015904,29.5,4,97.0,71.0,1825.0,12.2,76,2,"""volkswagen rabbit"""
-2.655109145993633,0.9959153998837806,32.0,4,85.0,70.0,1990.0,17.0,76,3,"""datsun b-210"""
-2.22097034485831,1.0838791497468787,28.0,4,97.0,75.0,2155.0,16.4,76,3,"""toyota corolla"""
-0.8488068180870084,0.09821230335456765,26.5,4,140.0,72.0,2565.0,13.6,76,1,"""ford pinto"""
-0.5258133007709228,0.41999184037157866,20.0,4,130.0,102.0,3150.0,15.7,76,2,"""volvo 245"""
2.98407842265859,-0.3562962593172723,13.0,8,318.0,150.0,3940.0,13.2,76,1,"""plymouth volare premier v8"""
-1.2002259888318068,-0.5836087755593061,19.0,4,120.0,88.0,3270.0,21.9,76,2,"""peugeot 504"""
-0.26669682640288317,0.9816050056031211,19.0,6,156.0,108.0,2930.0,15.5,76,3,"""toyota mark ii"""
0.6839646771629071,-0.016930224471147556,16.5,6,168.0,120.0,3820.0,16.7,76,2,"""mercedes-benz 280s"""
3.565140082353584,-0.28129144968903647,16.5,8,350.0,180.0,4380.0,12.1,76,1,"""cadillac seville"""
3.230625756922563,-0.25206414072607636,13.0,8,350.0,145.0,4055.0,12.0,76,1,"""chevy c10"""
2.5063560897606076,-0.6539428154390198,13.0,8,302.0,130.0,3870.0,15.0,76,1,"""ford f108"""
2.8191504998631,-0.4333891388572461,13.0,8,318.0,150.0,3755.0,14.0,76,1,"""dodge d100"""
-2.774965515275192,0.5495217987602424,31.5,4,98.0,68.0,2045.0,18.5,77,3,"""honda accord cvcc"""
-1.4239233514871938,-0.14480309793431062,30.0,4,111.0,80.0,2155.0,14.8,77,1,"""buick opel isuzu deluxe"""
-2.94568188220155,-0.09284404257412537,36.0,4,79.0,58.0,1825.0,18.6,77,2,"""renault 5 gtl"""
-0.989498721444815,-0.21511655180279726,25.5,4,122.0,96.0,2300.0,15.5,77,1,"""plymouth arrow gs"""
-2.7895882660961107,0.8389642744043955,33.5,4,85.0,70.0,1945.0,16.8,77,3,"""datsun f-10 hatchback"""
2.6380571944316884,-0.4588420773901416,17.5,8,305.0,145.0,3880.0,12.5,77,1,"""chevrolet caprice classic"""
1.5806484499195004,-1.5464808304058923,17.0,8,260.0,110.0,4060.0,19.0,77,1,"""oldsmobile cutlass supreme"""
2.797605426193961,-0.705491900137761,15.5,8,318.0,145.0,4140.0,13.7,77,1,"""dodge monaco brougham"""
2.561195826504509,-0.9480575132206035,15.0,8,302.0,130.0,4295.0,14.9,77,1,"""mercury cougar brougham"""
1.0338293888648131,-0.85000698191518,17.5,6,250.0,110.0,3520.0,16.4,77,1,"""chevrolet concours"""
0.664052068804469,-0.922601059572505,20.5,6,231.0,105.0,3425.0,16.9,77,1,"""buick skylark"""
0.6831141508340297,-1.0902877156362623,19.0,6,225.0,100.0,3630.0,17.7,77,1,"""plymouth volare custom"""
0.6124744920432061,-1.294910513633612,18.5,6,250.0,98.0,3525.0,19.0,77,1,"""ford granada"""
3.75230475800713,-0.3269920454448017,16.0,8,400.0,180.0,4220.0,11.1,77,1,"""pontiac grand prix lj"""
3.417934461379338,-0.32430230515428904,15.5,8,350.0,170.0,4165.0,11.4,77,1,"""chevrolet monte carlo landau"""
3.824947420990675,-0.48964565260746457,15.5,8,400.0,190.0,4325.0,12.2,77,1,"""chrysler cordoba"""
2.9625459147439077,-0.9094795172657908,16.0,8,351.0,149.0,4335.0,14.5,77,1,"""ford thunderbird"""
-1.8709543285936956,0.609623836935385,29.0,4,97.0,78.0,1940.0,14.5,77,2,"""volkswagen rabbit custom"""
-0.745269213674731,-0.4495550736273428,24.5,4,151.0,88.0,2740.0,16.0,77,1,"""pontiac sunbird coupe"""
-2.3006245891601678,0.6123179820293264,26.0,4,97.0,75.0,2265.0,18.2,77,3,"""toyota corolla liftback"""
-0.8021568663967871,-0.41584598943790463,25.5,4,140.0,89.0,2755.0,15.8,77,1,"""ford mustang ii 2+2"""
-1.9379016837344425,-0.49519181134586515,30.5,4,98.0,63.0,2051.0,17.0,77,1,"""chevrolet chevette"""
-1.762011842182117,-0.3025153722699345,33.5,4,98.0,83.0,2075.0,15.9,77,1,"""dodge colt m/m"""
-2.541818857293063,0.9000140356329018,30.0,4,97.0,67.0,1985.0,16.4,77,3,"""subaru dl"""
-1.787789867511977,0.5951560178710056,30.5,4,97.0,78.0,2190.0,14.1,77,2,"""volkswagen dasher"""
-0.585956862151236,0.9321674285465291,22.0,6,146.0,97.0,2815.0,14.5,77,3,"""datsun 810"""
-0.5943306851640336,0.8381084504603256,21.5,4,121.0,110.0,2600.0,12.8,77,2,"""bmw 320i"""
-1.3524936634358784,1.4604324017822659,21.5,3,80.0,110.0,2720.0,13.5,77,3,"""mazda rx-4"""
-3.6172716014453923,-0.8710288704060811,43.1,4,90.0,48.0,1985.0,21.5,78,2,"""volkswagen rabbit custom dies"
-2.1116485701577474,-0.2601984817638342,36.1,4,98.0,66.0,1800.0,14.4,78,1,"""ford fiesta"""
-3.2584031487013294,0.20692256563637024,32.8,4,78.0,52.0,1985.0,19.4,78,3,"""mazda glc deluxe"""
-3.253188383413965,0.29126381627196707,39.4,4,85.0,70.0,2070.0,18.6,78,3,"""datsun b210 gx"""
-3.0864686814323163,0.6922267739398272,36.1,4,91.0,60.0,1800.0,16.4,78,3,"""honda civic cvcc"""
1.3846593172475778,-1.0459372696337226,19.9,8,260.0,110.0,3365.0,15.5,78,1,"""oldsmobile cutlass salon brou"
2.3499998072915997,-0.7626599414786327,19.4,8,318.0,140.0,3735.0,13.2,78,1,"""dodge diplomat"""
2.195793656881677,-0.6512130521600419,20.2,8,302.0,139.0,3570.0,12.8,78,1,"""mercury monarch ghia"""
0.5016928163073794,-1.4775877659922407,19.2,6,231.0,105.0,3535.0,19.2,78,1,"""pontiac phoenix lj"""
0.12465967824761204,-1.2325462136498815,20.5,6,200.0,95.0,3155.0,18.2,78,1,"""chevrolet malibu"""
0.1761025379078557,-0.841142001699973,20.2,6,200.0,85.0,2965.0,15.8,78,1,"""ford fairmont (auto)"""
-0.8289610348989453,-0.5299101241339889,25.1,4,140.0,88.0,2720.0,15.4,78,1,"""ford fairmont (man)"""
0.5036989114520375,-1.1623883873922418,20.5,6,225.0,100.0,3430.0,17.2,78,1,"""plymouth volare"""
0.37788598359145537,-1.134078251882753,19.4,6,232.0,90.0,3210.0,17.2,78,1,"""amc concord"""
0.6853725773673336,-0.9281031857909923,20.6,6,231.0,105.0,3380.0,15.8,78,1,"""buick century special"""
0.1098778022108769,-1.0114377453656198,20.8,6,200.0,85.0,3070.0,16.7,78,1,"""mercury zephyr"""
0.6476591885367134,-1.3950120023842911,18.6,6,225.0,110.0,3620.0,18.7,78,1,"""dodge aspen"""
1.1543943621189139,-0.794150871255093,18.1,6,258.0,120.0,3410.0,15.1,78,1,"""amc concord d/l"""
2.2120573477413052,-0.6540246126164028,19.2,8,305.0,145.0,3425.0,13.2,78,1,"""chevrolet monte carlo landau"""
1.712319369522687,-0.3778898333053427,17.7,6,231.0,165.0,3445.0,13.4,78,1,"""buick regal sport coupe (turb"
2.2798090169600433,-0.2945334544136031,18.1,8,302.0,139.0,3205.0,11.2,78,1,"""ford futura"""
2.5601978935610066,-0.9082723402855966,17.5,8,318.0,140.0,4080.0,13.7,78,1,"""dodge magnum xe"""
-1.8218124204549981,-0.610573349204188,30.0,4,98.0,68.0,2155.0,16.5,78,1,"""chevrolet chevette"""
-1.5524731299789662,0.9689732636813618,27.5,4,134.0,95.0,2560.0,14.2,78,3,"""toyota corona"""
-1.7488304967615553,0.9828978348483591,27.2,4,119.0,97.0,2300.0,14.7,78,3,"""datsun 510"""
-1.5378538724859032,-0.3178782323701239,30.9,4,105.0,75.0,2230.0,14.5,78,1,"""dodge omni"""
-1.314723699502551,0.9464328658683989,21.1,4,134.0,95.0,2515.0,14.8,78,3,"""toyota celica gt liftback"""
-0.6076087027565797,-0.6896057602443023,23.2,4,156.0,105.0,2745.0,16.7,78,1,"""plymouth sapporo"""
-0.8987687985554569,-0.9119821228216288,23.8,4,151.0,85.0,2855.0,17.6,78,1,"""oldsmobile starfire sx"""
-1.5547154164947536,0.9561581769596755,23.9,4,119.0,97.0,2405.0,14.9,78,3,"""datsun 200-sx"""
-0.5764377925403907,0.020332865203757766,20.3,5,131.0,103.0,2830.0,15.9,78,2,"""audi 5000"""
0.5492247034498919,0.27511156180291124,17.0,6,163.0,125.0,3140.0,13.6,78,2,"""volvo 264gl"""
-0.7913887020280804,0.17086966096320402,21.6,4,121.0,115.0,2795.0,15.7,78,2,"""saab 99gle"""
0.5888042088507799,-0.10102601972412367,16.2,6,163.0,133.0,3410.0,15.8,78,2,"""peugeot 604sl"""
-2.17200849824104,0.31698949379395536,31.5,4,89.0,71.0,1990.0,14.9,78,2,"""volkswagen scirocco"""
-2.5085537727740364,0.6528238732275418,29.5,4,98.0,68.0,2135.0,16.6,78,3,"""honda accord lx"""
0.660617598677167,-0.9979475318097973,21.5,6,231.0,115.0,3245.0,15.4,79,1,"""pontiac lemans v6"""
-0.08087407476622951,-1.398586842447064,19.8,6,200.0,85.0,2990.0,18.2,79,1,"""mercury zephyr 6"""
-0.8500670817670404,-1.024500824927597,22.3,4,140.0,88.0,2890.0,17.3,79,1,"""ford fairmont 4"""
0.2103270754893418,-1.4943709214815002,20.2,6,232.0,90.0,3265.0,18.2,79,1,"""amc concord dl 6"""
0.5687028831276035,-1.2103026197758269,20.6,6,225.0,110.0,3360.0,16.6,79,1,"""dodge aspen 6"""
2.0935673789299813,-1.3039510632853597,17.0,8,305.0,130.0,3840.0,15.4,79,1,"""chevrolet caprice classic"""
2.178949653629078,-0.9720352193120124,17.6,8,302.0,129.0,3725.0,13.4,79,1,"""ford ltd landau"""
2.6518292353569173,-1.020751614973117,16.5,8,351.0,138.0,3955.0,13.2,79,1,"""mercury grand marquis"""
2.1525658349294234,-1.2827997730009952,18.2,8,318.0,135.0,3830.0,15.2,79,1,"""dodge st. regis"""
2.8335647063985308,-1.3378259272396655,16.9,8,350.0,155.0,4360.0,14.9,79,1,"""buick estate wagon (sw)"""
2.684188572869459,-1.1943462758861854,15.5,8,351.0,142.0,4054.0,14.3,79,1,"""ford country squire (sw)"""
1.7070751977901621,-1.1732830730804251,19.2,8,267.0,125.0,3605.0,15.0,79,1,"""chevrolet malibu classic (sw)"
2.7253493398324666,-0.9811122639204457,18.5,8,360.0,150.0,3940.0,13.0,79,1,"""chrysler lebaron town @ count"
-2.1942784396846924,0.28292021302868725,31.9,4,89.0,71.0,1925.0,14.0,79,2,"""vw rabbit custom"""
-2.8151082006997887,0.6866016438766033,34.1,4,86.0,65.0,1975.0,15.2,79,3,"""maxda glc deluxe"""
-1.9500565710801,-0.4307205416727635,35.7,4,98.0,80.0,1915.0,14.4,79,1,"""dodge colt hatchback custom"""
-1.1452925033045323,-0.6624270693310791,27.4,4,121.0,80.0,2670.0,15.0,79,1,"""amc spirit dl"""
-1.0183758088425914,-1.1681186293567105,25.4,5,183.0,77.0,3530.0,20.1,79,2,"""mercedes benz 300d"""
1.761505954991689,-1.749191280975633,23.0,8,350.0,125.0,3900.0,17.4,79,1,"""cadillac eldorado"""
-2.1889917079236754,-1.7141430544306728,27.2,4,141.0,71.0,3190.0,24.8,79,2,"""peugeot 504"""
0.30362757545260416,-2.3702054761112197,23.9,8,260.0,90.0,3420.0,22.2,79,1,"""oldsmobile cutlass salon brou"
-1.7004045267819539,-0.3398250292252038,34.2,4,105.0,70.0,2200.0,13.2,79,1,"""plymouth horizon"""
-1.9024283312049288,-0.5919438296092394,34.5,4,105.0,70.0,2150.0,14.9,79,1,"""plymouth horizon tc3"""
-3.068256965929499,0.08155690418859325,31.8,4,85.0,65.0,2020.0,19.2,79,3,"""datsun 210"""
-2.444019023854661,0.06647555160605172,37.3,4,91.0,69.0,2130.0,14.7,79,2,"""fiat strada custom"""
-1.0669779222389864,-0.8326269662542647,28.4,4,151.0,90.0,2670.0,16.0,79,1,"""buick skylark limited"""
0.15135512955838254,-0.20290548906604317,28.8,6,173.0,115.0,2595.0,11.3,79,1,"""chevrolet citation"""
0.14656908104418714,-0.45718808722084725,26.8,6,173.0,115.0,2700.0,12.9,79,1,"""oldsmobile omega brougham"""
-1.1046140763936052,-0.41968551355912936,33.5,4,151.0,90.0,2556.0,13.2,79,1,"""pontiac phoenix"""
-2.602690706340888,-0.149133190312526,41.5,4,98.0,76.0,2144.0,14.7,80,2,"""vw rabbit"""
-3.4602458609264755,-0.10573442993365938,38.1,4,89.0,60.0,1968.0,18.8,80,3,"""toyota corolla tercel"""
-1.9416522302927397,-0.831854479612166,32.1,4,98.0,70.0,2120.0,15.5,80,1,"""chevrolet chevette"""
-3.120983067445467,0.2771689675942401,37.2,4,86.0,65.0,2019.0,16.4,80,3,"""datsun 310"""
-1.1494477733082562,-1.0931939240304152,28.0,4,151.0,90.0,2678.0,16.5,80,1,"""chevrolet citation"""
-1.197463531596302,-1.3655333629524358,26.4,4,140.0,88.0,2870.0,18.1,80,1,"""ford fairmont"""
-1.1575821723649655,-1.6947882995902257,24.3,4,151.0,90.0,3003.0,20.1,80,1,"""amc concord"""
0.1858418843903166,-1.7671937009970882,19.1,6,225.0,90.0,3381.0,18.7,80,1,"""dodge aspen"""
-2.3143159884017503,-0.2566892412109179,34.3,4,97.0,78.0,2188.0,15.8,80,2,"""audi 4000"""
-1.8872753409334617,0.3253826312281475,29.8,4,134.0,90.0,2711.0,15.5,80,3,"""toyota corona liftback"""
-2.4457549293247496,0.019691618666456672,31.3,4,120.0,75.0,2542.0,17.5,80,3,"""mazda 626"""
-2.366902323883354,0.4288326536658607,37.0,4,119.0,92.0,2434.0,15.0,80,3,"""datsun 510 hatchback"""
-2.449215027910589,0.4489043139264598,32.2,4,108.0,75.0,2265.0,15.2,80,3,"""toyota corolla"""
-3.6871715696870213,-0.06269637398522661,46.6,4,86.0,65.0,2110.0,17.9,80,3,"""mazda glc"""
-0.7091189279116935,-0.762599215437955,27.9,4,156.0,105.0,2800.0,14.4,80,1,"""dodge colt"""
-3.5289908262998138,-0.2085899744032212,40.8,4,85.0,65.0,2110.0,19.2,80,3,"""datsun 210"""
-3.764359864070883,-1.3082178287344037,44.3,4,90.0,48.0,2085.0,21.7,80,2,"""vw rabbit c (diesel)"""
-3.793034184153321,-1.670340730151145,43.4,4,90.0,48.0,2335.0,23.7,80,2,"""vw dasher (diesel)"""
-2.229994327184615,-1.233994344561241,36.4,5,121.0,67.0,2950.0,19.9,80,2,"""audi 5000s (diesel)"""
-2.090169378856038,-1.4951709793554997,30.0,4,146.0,67.0,3250.0,21.8,80,2,"""mercedes-benz 240d"""
-3.2771006511817258,0.6517167940047653,44.6,4,91.0,67.0,1850.0,13.8,80,3,"""honda civic 1500 gl"""
-2.7270044459786065,-0.3709636815695175,40.9,4,85.0,,1835.0,17.3,80,2,"""renault lecar deluxe"""
-2.981635882343588,0.023181412594665902,33.8,4,97.0,67.0,2145.0,18.0,80,3,"""subaru dl"""
-2.4046247330713526,-0.08887259229343887,29.8,4,89.0,62.0,1845.0,15.3,80,2,"""vokswagen rabbit"""
-0.49567156652908706,0.8055364921409447,32.7,6,168.0,132.0,2910.0,11.4,80,3,"""datsun 280-zx"""
-1.8258856972351105,1.0968310515127049,23.7,3,70.0,100.0,2420.0,12.5,80,3,"""mazda rx-7 gs"""
-1.9293353484827371,-0.23419487351177984,35.0,4,122.0,88.0,2500.0,15.1,80,2,"""triumph tr7 coupe"""
-0.5063216080573015,-0.7166039274584858,23.6,4,140.0,,2905.0,14.3,80,1,"""ford mustang cobra"""
-2.65530459011917,0.15627079768129096,32.4,4,107.0,72.0,2290.0,17.0,80,3,"""honda accord"""
-1.3067951548936492,-1.099151721771017,27.2,4,135.0,84.0,2490.0,15.7,81,1,"""plymouth reliant"""
-1.2112027387575517,-1.2564879286633972,26.6,4,151.0,84.0,2635.0,16.4,81,1,"""buick skylark"""
-0.8835753162125058,-0.9205793888950489,25.8,4,156.0,92.0,2620.0,14.4,81,1,"""dodge aries wagon (sw)"""
0.18279196838211223,-0.7716102749777871,23.5,6,173.0,110.0,2725.0,12.6,81,1,"""chevrolet citation"""
-1.2262879617575875,-0.6673757835915514,30.0,4,135.0,84.0,2385.0,12.9,81,1,"""plymouth reliant"""
-3.5473735807101234,0.05173762119923632,39.1,4,79.0,58.0,1755.0,16.9,81,3,"""toyota starlet"""
-2.6546486926437995,-1.1607204622034295,39.0,4,86.0,64.0,1875.0,16.4,81,1,"""plymouth champ"""
-3.2413473791240723,0.2136800520157194,35.1,4,81.0,60.0,1760.0,16.1,81,3,"""honda civic 1300"""
-2.984258975443914,-0.09755010748721303,32.3,4,97.0,67.0,2065.0,17.8,81,3,"""subaru"""
-3.4823708718945325,-0.3561389987697917,37.0,4,85.0,65.0,1975.0,19.4,81,3,"""datsun 210 mpg"""
-3.294563358991258,-0.07103625389222935,37.7,4,89.0,62.0,2050.0,17.3,81,3,"""toyota tercel"""
-2.9521478892033794,0.19304913524356282,34.1,4,91.0,68.0,1985.0,16.0,81,3,"""mazda glc 4"""
-2.0699919069419126,-1.000293762665141,34.7,4,105.0,63.0,2215.0,14.9,81,1,"""plymouth horizon 4"""
-2.268322561801204,-1.1414590527432542,34.4,4,98.0,65.0,2045.0,16.2,81,1,"""ford escort 4w"""
-2.3185877627912017,-1.8768337093355787,29.9,4,98.0,65.0,2380.0,20.7,81,1,"""ford escort 2h"""
-2.1626454004651405,-0.2048494008378731,33.0,4,105.0,74.0,2190.0,14.2,81,2,"""volkswagen jetta"""
-2.03308262272072,-0.4051165443159507,34.5,4,100.0,,2320.0,15.8,81,2,"""renault 18i"""
-2.534800650938725,0.3880381648902737,33.7,4,107.0,75.0,2210.0,14.4,81,3,"""honda prelude"""
-2.6304560927640876,-0.0057816525751526624,32.4,4,108.0,75.0,2350.0,16.8,81,3,"""toyota corolla"""
-2.033692750012992,0.28954922392584886,32.9,4,119.0,100.0,2615.0,14.8,81,3,"""datsun 200sx"""
-2.5616193223287946,-0.31752524734579435,31.6,4,120.0,74.0,2635.0,18.3,81,3,"""mazda 626"""
-1.8144358812738854,-1.399599205032595,28.1,4,141.0,80.0,3230.0,20.4,81,2,"""peugeot 505s turbo diesel"""
-1.450148420467267,-1.4529987815052179,30.7,6,145.0,76.0,3160.0,19.6,81,2,"""volvo diesel"""
-0.4782137584457937,0.4594931797551059,25.4,6,168.0,116.0,2900.0,12.6,81,3,"""toyota cressida"""
-0.566614565069253,0.3154775578176495,24.2,6,146.0,120.0,2930.0,13.8,81,3,"""datsun 810 maxima"""
0.4906574574631277,-1.4948261983348035,22.4,6,231.0,110.0,3415.0,15.8,81,1,"""buick century"""
1.0229176023195996,-2.4121724937645017,26.6,8,350.0,105.0,3725.0,19.0,81,1,"""oldsmobile cutlass ls"""
-0.04661132226882869,-1.6122280571115817,20.2,6,200.0,88.0,3060.0,17.1,81,1,"""ford granada gl"""
0.39205002682337436,-1.6503564865187965,17.6,6,225.0,85.0,3465.0,16.6,81,1,"""chrysler lebaron salon"""
-1.7752688342891416,-1.882592932462271,28.0,4,112.0,88.0,2605.0,19.6,82,1,"""chevrolet cavalier"""
-1.6130034436422047,-1.7281337679402882,27.0,4,112.0,88.0,2640.0,18.6,82,1,"""chevrolet cavalier wagon"""
-2.018471711061618,-1.6387899806905617,34.0,4,112.0,88.0,2395.0,18.0,82,1,"""chevrolet cavalier 2-door"""
-1.6423963506295232,-1.3874458444201498,31.0,4,112.0,85.0,2575.0,16.2,82,1,"""pontiac j2000 se hatchback"""
-1.4661040930458271,-1.3558079906101694,29.0,4,135.0,84.0,2525.0,16.0,82,1,"""dodge aries se"""
-1.3330259010483103,-1.699727350172677,27.0,4,151.0,90.0,2735.0,18.0,82,1,"""pontiac phoenix"""
-0.992256685766658,-1.4395661664341826,24.0,4,140.0,92.0,2865.0,16.4,82,1,"""ford fairmont futura"""
-1.0825415550765214,-2.0818736594769627,23.0,4,151.0,,3035.0,20.5,82,1,"""amc concord dl"""
-2.574842600611482,-0.5346368931328928,36.0,4,105.0,74.0,1980.0,15.3,82,2,"""volkswagen rabbit l"""
-3.3461294279856526,-0.3675741528739418,37.0,4,91.0,68.0,2025.0,18.2,82,3,"""mazda glc custom l"""
-3.0176162783608005,-0.206462236375505,31.0,4,91.0,68.0,1970.0,17.6,82,3,"""mazda glc custom"""
-2.3149952280329176,-1.1625216934905267,38.0,4,105.0,63.0,2125.0,14.7,82,1,"""plymouth horizon miser"""
-2.421380741664297,-1.516535663799777,36.0,4,98.0,70.0,2125.0,17.3,82,1,"""mercury lynx l"""
-2.553245229453887,0.20033942687254164,36.0,4,120.0,88.0,2160.0,14.5,82,3,"""nissan stanza xe"""
-2.7186777242432694,0.16757650553048986,36.0,4,107.0,75.0,2205.0,14.5,82,3,"""honda accord"""
-2.879088566891853,-0.20907908254581478,34.0,4,108.0,70.0,2245.0,16.9,82,3,"""toyota corolla"""
-3.127019818012716,0.12825036862973824,38.0,4,91.0,67.0,1965.0,15.0,82,3,"""honda civic"""
-2.89726622149173,0.07542280435266521,32.0,4,91.0,67.0,1965.0,15.7,82,3,"""honda civic (auto)"""
-3.228066932174506,-0.06405409540665809,38.0,4,91.0,67.0,1995.0,16.2,82,3,"""datsun 310 gx"""
-0.1779072055196065,-1.6201483324627912,25.0,6,181.0,110.0,2945.0,16.4,82,1,"""buick century limited"""
-0.7801140270581434,-2.01559076053305,38.0,6,262.0,85.0,3015.0,17.0,82,1,"""oldsmobile cutlass ciera (die"
-0.9777707193478133,-1.1143160779855361,26.0,4,156.0,92.0,2585.0,14.5,82,1,"""chrysler lebaron medallion"""
0.3068503744860101,-1.3578674529986927,22.0,6,232.0,112.0,2835.0,14.7,82,1,"""ford granada l"""
-1.878088522554806,0.19789282989228518,32.0,4,144.0,96.0,2665.0,13.9,82,3,"""toyota celica gt"""
-1.5980904394433941,-0.9192529068615214,36.0,4,135.0,84.0,2370.0,13.0,82,1,"""dodge charger 2.2"""
-1.1634308274382865,-1.6455160750909463,27.0,4,151.0,90.0,2950.0,17.3,82,1,"""chevrolet camaro"""
-1.1617605959260506,-1.3421634244370622,27.0,4,140.0,86.0,2790.0,15.6,82,1,"""ford mustang gl"""
-4.053326616397438,-2.130712872970426,44.0,4,97.0,52.0,2130.0,24.6,82,2,"""vw pickup"""
-1.3012213172429572,-0.6482670085812217,32.0,4,135.0,84.0,2295.0,11.6,82,1,"""dodge rampage"""
-1.730839415375416,-1.7685219704180817,28.0,4,120.0,79.0,2625.0,18.6,82,1,"""ford ranger"""
-1.8839431117059822,-1.9332283176617746,31.0,4,119.0,82.0,2720.0,19.4,82,1,"""chevy s-10"""
